date,close,volume,active_addresses,tx_count
2021-05-21,1.00607,142643179.64495528,23253,1001378
2021-05-22,0.90467,99175502.09709188,20924,968624
2021-05-23,0.78912,174903217.4202753,25097,1070922
2021-05-24,0.99237,137262549.85030463,22135,1054793
2021-05-25,0.97444,148099872.2818623,18521,1018585
2021-05-26,1.03176,89788904.01961552,17265,917291
2021-05-27,0.97471,74870454.9257118,15393,863800
2021-05-28,0.89859,96403778.60591698,15326,920142
2021-05-29,0.83082,80610095.159166,12862,898631
2021-05-30,0.90566,60062461.72824637,12369,842271
2021-05-31,1.04152,85852059.72050261,15141,877952
2021-06-01,1.01077,69820232.36151026,15019,858436
2021-06-02,1.02394,58130802.31268027,14912,761979
2021-06-03,1.04543,74042539.72108427,14614,741613
2021-06-04,0.96892,88285724.5368768,14039,795002
2021-06-05,0.92303,57296686.29225979,11897,805446
2021-06-06,0.94658,37819030.59366707,11676,723727
2021-06-07,0.86243,69221212.1065084,13913,798676
2021-06-08,0.87324,112426470.54992633,17648,831305
2021-06-09,0.92178,86373348.77015471,16732,799842
2021-06-10,0.86859,75190245.07816832,16007,770317
2021-06-11,0.84731,46658122.99422884,14250,770571
2021-06-12,0.83168,32208290.94800445,11701,761132
2021-06-13,0.88288,43247866.29091967,10390,746195
2021-06-14,0.89053,50841885.01803638,12262,733088
2021-06-15,0.86606,41039162.20517404,11976,737950
2021-06-16,0.83197,45408360.82930649,11141,715628
2021-06-17,0.84175,32737409.92091727,11561,723499
2021-06-18,0.79688,39456666.97973231,11016,745177
2021-06-19,0.75858,26950541.22679345,9415,802655
2021-06-20,0.77431,51064388.86927184,10968,855541
2021-06-21,0.60686,108701829.97493127,13836,893613
2021-06-22,0.54679,135277308.5938756,18143,1058257
2021-06-23,0.6384,89116534.79532003,13074,946467
2021-06-24,0.6728,69336860.64299656,11410,822889
2021-06-25,0.611,81023025.625521,10220,889990
2021-06-26,0.61633,47847635.93201103,9885,855789
2021-06-27,0.64761,41370948.96090625,12663,817671
2021-06-28,0.64384,39796739.97675457,13854,791860
2021-06-29,0.70593,62059383.76784232,14443,852406
2021-06-30,0.70597,57151118.88518335,11729,849882
2021-07-01,0.66009,49384922.06306726,11287,828616
2021-07-02,0.65612,26782231.06735752,10947,789019
2021-07-03,0.67318,26951041.699559,10342,780627
2021-07-04,0.69636,27886675.18678852,11178,791383
2021-07-05,0.65258,38466812.62266734,11408,804749
2021-07-06,0.6651,30242645.40658242,12119,761226
2021-07-07,0.65201,23641107.19833324,12575,881556
2021-07-08,0.62166,38630999.27183691,12421,1012714
2021-07-09,0.63724,38943745.16561382,12601,888221
2021-07-10,0.62466,30768445.1488004,11062,790658
2021-07-11,0.63649,20915070.19768158,10532,766018
2021-07-12,0.62888,31748136.17272426,11298,806991
2021-07-13,0.61913,29005274.78652614,11354,786635
2021-07-14,0.61972,44539516.19626471,11603,855361
2021-07-15,0.59771,32136351.43707053,11404,834461
2021-07-16,0.58923,30825590.32036501,11470,834418
2021-07-17,0.58231,39135660.05454108,10198,808119
2021-07-18,0.5865,27974744.53527923,9335,800591
2021-07-19,0.55713,31898414.7189997,11403,843265
2021-07-20,0.52849,47785508.7087892,14584,823841
2021-07-21,0.57168,47552105.1464122,12289,740735
2021-07-22,0.59235,46470649.2236997,11257,809387
2021-07-23,0.60925,35766063.79677079,11459,794671
2021-07-24,0.60884,31950999.83716376,9639,823535
2021-07-25,0.6068,24677733.67436755,9373,789948
2021-07-26,0.62368,83345357.02017169,13226,865034
2021-07-27,0.6449,40241490.19635157,10584,776680
2021-07-28,0.7329,131298812.3036625,14722,924268
2021-07-29,0.74901,67980066.44063798,12688,726671
2021-07-30,0.75257,78394119.45951688,15156,819755
2021-07-31,0.746,45449585.03426742,12615,781143
2021-08-01,0.72413,55768737.46640657,12836,808082
2021-08-02,0.73819,59639745.22225296,12528,817522
2021-08-03,0.71344,48494890.42745113,12399,754128
2021-08-04,0.7312,44413636.492641,11675,703790
2021-08-05,0.73293,33366922.0224453,10936,746606
2021-08-06,0.7472,27994342.97265252,11477,712571
2021-08-07,0.81717,72753091.44753703,13376,773704
2021-08-08,0.77868,73047105.03744009,12585,782510
2021-08-09,0.81682,62947907.58574507,12317,768000
2021-08-10,0.85117,65689828.31766297,12791,750621
2021-08-11,1.0109,154208140.71516058,19621,949949
2021-08-12,0.96613,138481495.78210598,16251,1093344
2021-08-13,1.08965,121963191.94663571,15393,1064201
2021-08-14,1.2799,245949519.234881,21146,1181555
2021-08-15,1.28419,208962323.0369363,20278,1114468
2021-08-16,1.18613,160788222.17088354,18444,1062101
2021-08-17,1.098,178677331.33685434,15983,1105559
2021-08-18,1.14239,181260245.86392152,14927,1056263
2021-08-19,1.2349,141642545.5072238,15560,1081927
2021-08-20,1.26231,113891387.68129104,25182,1066088
2021-08-21,1.21615,67636033.23844855,24126,1060544
2021-08-22,1.22556,60025716.81401424,21288,1058742
2021-08-23,1.24577,101512594.55642734,22425,1076566
2021-08-24,1.1353,103283781.66534372,23710,1095199
2021-08-25,1.17363,81014872.25774027,21774,1082986
2021-08-26,1.07175,116841132.28070493,22028,1112301
2021-08-27,1.19116,97065596.17935489,23436,1115439
2021-08-28,1.14601,64270434.75633254,22502,1063154
2021-08-29,1.14087,53430112.64783961,25858,1085511
2021-08-30,1.10043,59330509.60315855,22761,1059094
2021-08-31,1.18575,122320614.98967528,22178,1122290
2021-09-01,1.23675,91620309.96896233,25043,1102694
2021-09-02,1.25337,100675158.16051047,26654,1142851
2021-09-03,1.29075,109920670.6325734,25414,1151625
2021-09-04,1.255,62793463.4772016,24804,1126600
2021-09-05,1.30769,67793066.28016396,34194,1171004
2021-09-06,1.38957,131619025.49302652,36485,1241197
2021-09-07,1.13001,209799791.64069346,30424,1307178
2021-09-08,1.09918,165172116.37287825,30048,1264426
2021-09-09,1.08654,129952126.53443974,32840,1193098
2021-09-10,1.05533,174874127.43297574,29518,1214216
2021-09-11,1.07878,67256289.54634722,21927,1142051
2021-09-12,1.11804,67190148.35550714,29860,1144429
2021-09-13,1.06419,79891049.4820136,36962,1195015
2021-09-14,1.09646,49725705.46564292,30199,1151463
2021-09-15,1.12084,48429233.28120918,38745,1187043
2021-09-16,1.0904,54689152.23511516,38447,1178325
2021-09-17,1.06608,53557391.966939,32711,1128990
2021-09-18,1.0755,38834724.84577562,30860,1148716
2021-09-19,1.04809,42778130.9587431,33394,1160514
2021-09-20,0.92161,181559097.57104635,49247,1324931
2021-09-21,0.87389,137703851.72398955,38678,1308309
2021-09-22,1.00368,102244878.68055886,34414,1215583
2021-09-23,1.00153,70159897.56080976,35289,1194013
2021-09-24,0.94405,93870391.02498782,37126,1226090
2021-09-25,0.94013,44003222.33509236,39446,1139822
2021-09-26,0.9439,59416712.19001525,35933,1134117
2021-09-27,0.92168,52228962.55847051,35223,1125600
2021-09-28,0.8929,45781947.26449678,38655,1137788
2021-09-29,0.9261,57540657.52158945,46573,1246986
2021-09-30,0.95328,50631373.70709054,50103,1320182
2021-10-01,1.04209,97637869.60124958,55222,1320018
2021-10-02,1.03615,62848903.18362729,53887,1195166
2021-10-03,1.05533,66880611.29394093,59562,1230257
2021-10-04,1.04259,75072314.72536553,54981,1212502
2021-10-05,1.08413,65198945.07485874,64261,1240401
2021-10-06,1.07631,78522512.06083769,85657,1291634
2021-10-07,1.06765,61803534.30128454,62062,1262926
2021-10-08,1.06331,43766876.64022167,55728,1162583
2021-10-09,1.15993,112003853.64908037,76960,1341899
2021-10-10,1.135,104952071.39278275,68637,1358561
2021-10-11,1.13643,69476114.52622806,68969,1475634
2021-10-12,1.10188,71262495.42056908,65558,1441123
2021-10-13,1.1272,56417549.15887056,63014,1385537
2021-10-14,1.13342,56675386.06427877,64083,1320565
2021-10-15,1.14176,73518101.66841853,63761,1358518
2021-10-16,1.13496,50461045.16240024,81391,1380854
2021-10-17,1.09402,54240974.25241947,72315,1322427
2021-10-18,1.08273,53883859.11464934,80310,1401970
2021-10-19,1.0911,36905380.40845015,77721,1435025
2021-10-20,1.14545,57547879.19673231,85845,1475461
2021-10-21,1.0885,75952010.40875506,76865,1284204
2021-10-22,1.08816,49068865.35221467,73330,1377430
2021-10-23,1.09345,34573520.44441398,73838,1322824
2021-10-24,1.08195,41134501.49515837,73515,1350006
2021-10-25,1.09523,42115324.91076382,65610,1215862
2021-10-26,1.10663,84336396.07607873,71802,1329557
2021-10-27,0.99441,132701979.73732547,76513,1446649
2021-10-28,1.05833,97166193.07388657,86140,1665708
2021-10-29,1.08247,60869390.91048365,99882,1798341
2021-10-30,1.08433,57991170.68728709,107858,1804982
2021-10-31,1.11252,90832850.97936796,113517,2075839
2021-11-01,1.09126,64929744.07593,110913,1938573
2021-11-02,1.13456,66809762.06281133,122294,1962044
2021-11-03,1.20999,144751072.52327824,113728,1464852
2021-11-04,1.20048,119597929.25001766,116885,1259841
2021-11-05,1.15841,63297415.31972264,120398,1334595
2021-11-06,1.15115,55494649.75171748,129335,1909358
2021-11-07,1.2192,69438753.10033603,129013,2221167
2021-11-08,1.28163,113020438.35067588,128872,2041895
2021-11-09,1.25697,89811930.45464022,123765,2000684
2021-11-10,1.1919,149901921.46466795,123955,1916200
2021-11-11,1.21408,82915460.27317208,126705,1866117
2021-11-12,1.18841,78219767.20679179,135247,1941249
2021-11-13,1.18884,42791498.320605,167408,1888824
2021-11-14,1.18808,45168033.45062579,170002,2093267
2021-11-15,1.17189,61789978.42398772,164788,2149149
2021-11-16,1.08728,117918192.52456132,152018,1984417
2021-11-17,1.09513,60841541.14236682,154172,2024092
2021-11-18,1.04103,107444202.24501918,158267,1889233
2021-11-19,1.08942,53558633.61798137,155261,1949682
2021-11-20,1.09734,40517800.2043965,147545,1735994
2021-11-21,1.0577,42034026.26582487,153996,1983662
2021-11-22,1.03636,57636252.31680471,157107,2004979
2021-11-23,1.06679,63722843.42765021,134821,1630527
2021-11-24,1.03218,67002133.94410257,149848,1523705
2021-11-25,1.04359,54566443.50819243,159454,1441865
2021-11-26,0.93938,107515249.55841042,163063,1447505
2021-11-27,0.94532,45941435.09475042,158279,1346714
2021-11-28,0.96937,77530433.80618404,162298,1440045
2021-11-29,0.99006,67325573.8225935,155618,1319190
2021-11-30,0.99784,84874988.10275456,159908,1492834
2021-12-01,0.98989,57353248.47229362,138313,1071059
2021-12-02,0.9718,55757860.4228982,119573,867609
2021-12-03,0.92138,76603496.73967554,123367,956497
2021-12-04,0.84617,177175510.6248132,139098,1066066
2021-12-05,0.8047,85631026.52984829,122380,923401
2021-12-06,0.82587,97042073.63001461,140342,1123398
2021-12-07,0.81543,73921716.77201416,134866,989458
2021-12-08,0.86192,92546598.47592038,138127,1184291
2021-12-09,0.85808,130066369.33885464,154929,1236019
2021-12-10,0.79915,102251272.1549359,137414,1166979
2021-12-11,0.83922,61913405.53899446,136725,1121485
2021-12-12,0.83967,59396027.9685862,133300,1248831
2021-12-13,0.7817,81864440.31335327,140193,1184254
2021-12-14,0.81094,81411485.9328967,138763,1282847
2021-12-15,0.82635,69113499.29354948,120616,1059517
2021-12-16,0.80499,53620298.83273215,123117,1044651
2021-12-17,0.79643,70169071.39584911,120793,974462
2021-12-18,0.8264,40079543.74972358,147266,1077050
2021-12-19,0.83517,43958168.92700234,155960,1123092
2021-12-20,0.87952,128107213.36816631,157212,1337313
2021-12-21,0.94674,93541981.61249211,160665,1288350
2021-12-22,0.95445,78081256.90193032,166929,1193652
2021-12-23,0.99459,101203966.4970651,188957,1752855
2021-12-24,0.91153,110011382.68205024,192669,1779343
2021-12-25,0.92542,49414715.09493811,131921,1427504
2021-12-26,0.91981,41927940.89848679,147644,1439740
2021-12-27,0.92671,52551352.92183832,124639,1398461
2021-12-28,0.85148,83857769.10038516,126163,1419480
2021-12-29,0.81677,76543776.42422986,138015,1461888
2021-12-30,0.8386,65112783.66236272,132328,1386751
2021-12-31,0.8297,58912810.50660925,128343,1330057
2022-01-01,0.85034,44044680.01881211,142006,1347015
2022-01-02,0.8584,36737058.54271508,141064,1616841
2022-01-03,0.83213,42477105.23939401,141104,1572255
2022-01-04,0.82275,38924690.85595642,133549,1480842
2022-01-05,0.77191,80676846.07182886,141372,1551334
2022-01-06,0.77906,76304873.99809875,141319,1478406
2022-01-07,0.76328,73628258.76564601,137549,1456064
2022-01-08,0.74518,62885051.99385006,152602,1647056
2022-01-09,0.75307,41561763.80474497,131834,1424552
2022-01-10,0.73966,67226965.23285964,120640,1429963
2022-01-11,0.76992,50889033.79296674,136768,1490540
2022-01-12,0.7985,63427500.29049949,164402,1353555
2022-01-13,0.7679,53113365.01823509,160399,1592723
2022-01-14,0.77323,51398019.36751673,150996,1513831
2022-01-15,0.77903,32509967.54425805,182666,1704574
2022-01-16,0.77843,27706484.39971474,172801,1436324
2022-01-17,0.76183,47168119.63457696,159104,1746943
2022-01-18,0.7508,44997474.00788515,181530,1866948
2022-01-19,0.73789,43240683.82151132,182076,1875506
2022-01-20,0.7197,43684023.94073274,191379,1889241
2022-01-21,0.63645,114806849.88816288,238618,2115459
2022-01-22,0.59693,117976157.52441306,232958,2145128
2022-01-23,0.62891,52914703.08473238,205216,1786827
2022-01-24,0.61191,88988432.90290079,227850,2058587
2022-01-25,0.61769,57429189.64100026,237591,1934320
2022-01-26,0.61931,78807304.5956638,243846,1538199
2022-01-27,0.60898,54690124.82297307,222759,1443067
2022-01-28,0.61106,48056687.92845379,189007,1343502
2022-01-29,0.61766,39860229.07537742,220638,1875642
2022-01-30,0.60125,31757242.99328327,191043,2014226
2022-01-31,0.61761,47541684.84594646,179952,1878526
2022-02-01,0.62846,40198089.06260446,166651,1781053
2022-02-02,0.60069,39647909.4424384,171827,1825032
2022-02-03,0.61029,32457413.68981056,190692,1877643
2022-02-04,0.65586,49402435.90617826,189541,1967596
2022-02-05,0.66554,58713209.56638574,196817,2096146
2022-02-06,0.68283,31147507.73793075,181899,1930889
2022-02-07,0.83213,129235750.8891453,186657,2013491
2022-02-08,0.87638,217560288.60924134,174063,2157125
2022-02-09,0.86944,117574537.50220239,198050,1940588
2022-02-10,0.82526,107144092.0880736,186511,1980166
2022-02-11,0.75941,94898032.34076467,175032,1927340
2022-02-12,0.82242,103331051.74372825,196786,2091923
2022-02-13,0.80563,77647449.14700866,180218,1970671
2022-02-14,0.80067,78961128.9219489,190328,1879615
2022-02-15,0.85178,75548713.06179252,189352,1997913
2022-02-16,0.83704,66964051.85761794,182351,1800080
2022-02-17,0.76794,89186495.74757807,147524,1683355
2022-02-18,0.78406,80971484.17859389,140917,1611583
2022-02-19,0.8217,102761839.94220369,174333,1767609
2022-02-20,0.77624,78552811.24200726,140876,1621345
2022-02-21,0.70156,113867220.316819,143103,1690376
2022-02-22,0.72103,99132139.74155544,132772,1632438
2022-02-23,0.69621,79656688.79451172,128708,1537315
2022-02-24,0.69603,157860441.02438587,117552,1690431
2022-02-25,0.76999,103194878.76893637,130167,1661306
2022-02-26,0.75085,92932356.92975073,124722,1699013
2022-02-27,0.72162,79947413.55638757,120495,1527614
2022-02-28,0.78125,94594883.04304913,131492,1548650
2022-03-01,0.78428,71700861.94924001,206319,1865722
2022-03-02,0.76901,65132029.43117418,162247,1611098
2022-03-03,0.75142,63763131.91676515,117856,1467805
2022-03-04,0.71295,74734190.87502532,111491,1424933
2022-03-05,0.75411,57610691.31936877,105043,1383434
2022-03-06,0.72503,52338011.11942473,113270,1388198
2022-03-07,0.71956,85794042.56471898,94815,1338746
2022-03-08,0.72066,66808159.44228984,115994,1286994
2022-03-09,0.7657,73197789.7037235,102350,1353950
2022-03-10,0.73613,71409928.7209967,98140,1407654
2022-03-11,0.80316,117942041.63909732,124234,1379786
2022-03-12,0.78559,119029163.90413707,97318,1460036
2022-03-13,0.7601,58248312.44381384,95484,1326773
2022-03-14,0.77491,84654994.99528922,84774,1209807
2022-03-15,0.76573,62350556.12277369,93465,1245895
2022-03-16,0.7926,68490451.77001335,66831,1204877
2022-03-17,0.79438,43053827.92695686,87588,1339332
2022-03-18,0.79749,42138559.50758161,87666,1260307
2022-03-19,0.81926,55379387.09130668,86084,1348006
2022-03-20,0.80577,36281061.9395883,83053,1238309
2022-03-21,0.83767,61329612.63245807,111908,1446588
2022-03-22,0.83683,67197161.54377964,92540,1369952
2022-03-23,0.83791,51134526.7574784,104287,1391605
2022-03-24,0.84262,54159020.83539392,86331,1225382
2022-03-25,0.82414,36012499.41813642,89796,1183229
2022-03-26,0.83265,19277489.65120838,101003,1180719
2022-03-27,0.85803,38979562.15875456,129151,1335425
2022-03-28,0.86409,97738794.06512637,142248,1660307
2022-03-29,0.85738,61056426.60076228,106364,1350559
2022-03-30,0.86155,47337261.52250936,86904,1296835
2022-03-31,0.81488,91070405.98757239,88386,1361355
2022-04-01,0.82789,59239558.2010535,65259,1176833
2022-04-02,0.82353,52521185.23823741,64956,1173662
2022-04-03,0.84298,38321312.94178042,74519,1202433
2022-04-04,0.826,53017857.21554755,96152,1424331
2022-04-05,0.81653,43705659.3083063,96151,1296659
2022-04-06,0.76008,84967794.77763365,108509,1228396
2022-04-07,0.78738,48612711.01810888,85714,1247284
2022-04-08,0.75483,61899172.79944038,91760,1301721
2022-04-09,0.7625,27533015.25390893,133486,1413619
2022-04-10,0.75453,31411339.71675828,148986,1548917
2022-04-11,0.69477,77669127.63697545,145073,1606703
2022-04-12,0.71519,68594121.43027878,108875,1349240
2022-04-13,0.72312,52277621.6467192,73766,1286479
2022-04-14,0.72615,60828046.9443882,73087,1198317
2022-04-15,0.78557,98402751.22835171,81352,1481895
2022-04-16,0.78067,49442129.41985515,66321,1197430
2022-04-17,0.75209,41072043.48174442,47726,1239504
2022-04-18,0.76977,95814391.9217626,77721,1229264
2022-04-19,0.77478,52201158.6989062,71824,1159520
2022-04-20,0.75152,67882899.99131632,78619,1157957
2022-04-21,0.73256,72578545.574091,61007,1129527
2022-04-22,0.71781,70648168.42147812,46800,1156840
2022-04-23,0.70534,41425897.37388479,54447,1162714
2022-04-24,0.6979,47721679.98542659,68871,1154536
2022-04-25,0.69316,102256700.70040032,100984,1392348
2022-04-26,0.64192,89089951.66989753,78494,1246820
2022-04-27,0.65236,64165841.7382553,92842,1260449
2022-04-28,0.64272,55702921.62491591,94433,1268617
2022-04-29,0.61146,76308781.45690845,82979,1254833
2022-04-30,0.58438,73877771.23060852,98112,1331316
2022-05-01,0.60682,92663346.40526436,71567,1386300
2022-05-02,0.61441,78253893.73815294,76310,1324366
2022-05-03,0.60467,71442181.6351319,83211,1275773
2022-05-04,0.64594,80696198.9287802,68025,1243465
2022-05-05,0.59825,86905332.37989952,71394,1342731
2022-05-06,0.60225,89674579.39666632,63192,1208538
2022-05-07,0.5807,47978674.46729777,61166,1149276
2022-05-08,0.5662,64106191.11559335,63670,1178271
2022-05-09,0.48723,167446149.14418584,74546,1357787
2022-05-10,0.51329,182981423.42881787,102191,1447904
2022-05-11,0.41683,353013257.0671936,95264,1689449
2022-05-12,0.38568,203579206.11672357,87582,1717034
2022-05-13,0.42276,86781204.18947832,56354,1408580
2022-05-14,0.42626,98363723.03699078,70921,1302061
2022-05-15,0.44811,72931411.3828322,59632,1200030
2022-05-16,0.42314,94194903.5931211,83515,1249242
2022-05-17,0.43802,64547316.2139537,110521,1283611
2022-05-18,0.40544,116376360.99674125,91011,1237207
2022-05-19,0.42042,96508233.1451282,79315,1224715
2022-05-20,0.4103,77969599.51968545,59889,1199489
2022-05-21,0.41448,47050539.98953755,63687,1160512
2022-05-22,0.42181,48221170.58220951,37332,1085925
2022-05-23,0.40498,78074665.4661495,80884,1247876
2022-05-24,0.40869,71608229.94108301,75921,1100648
2022-05-25,0.40606,79990685.42662634,49301,1144603
2022-05-26,0.39204,110433766.17932025,54652,1188225
2022-05-27,0.38192,152290676.33298025,46127,1225285
2022-05-28,0.38624,48232929.6764175,62879,1199601
2022-05-29,0.3891,42071240.91572637,57981,1157254
2022-05-30,0.41884,91856125.58041611,70027,1246732
2022-05-31,0.42161,109325145.30009405,66867,1241234
2022-06-01,0.39791,107961603.13758323,80805,1339947
2022-06-02,0.40538,84714025.60118078,43243,1164043
2022-06-03,0.39033,59591996.04857759,76772,1299267
2022-06-04,0.39243,31030624.69618591,67989,1151801
2022-06-05,0.39539,37943116.52983964,74900,1181169
2022-06-06,0.40282,67968195.48996776,69933,1265789
2022-06-07,0.40771,101067290.36536226,42519,1228917
2022-06-08,0.40042,73172202.63045679,108349,1393983
2022-06-09,0.40014,43159283.90763314,66346,1167442
2022-06-10,0.38144,78301684.74705474,64333,1462604
2022-06-11,0.3598,51966538.26032478,67147,1541533
2022-06-12,0.34318,78701251.15003625,42005,1448132
2022-06-13,0.31171,172937047.13049483,55552,1743651
2022-06-14,0.32147,141088364.35490528,91123,1811937
2022-06-15,0.3436,130487420.5280781,88590,1526684
2022-06-16,0.31315,132704209.15948315,41494,1174450
2022-06-17,0.32103,99760538.04395263,54619,1207807
2022-06-18,0.3075,76907398.64747141,62231,1343337
2022-06-19,0.32626,68933569.86990458,46930,1268842
2022-06-20,0.32261,74122145.20897827,60686,1451196
2022-06-21,0.32928,61898348.55128961,83874,1283384
2022-06-22,0.32226,61523606.97799019,67052,1263483
2022-06-23,0.33572,50736128.60852866,63130,1316233
2022-06-24,0.36724,117791778.7030318,66967,1373546
2022-06-25,0.3677,48426819.50152404,73822,1279900
2022-06-26,0.35917,44923750.01742336,221399,1496007
2022-06-27,0.35378,52547639.65008506,109083,1237536
2022-06-28,0.33749,79804176.13066748,139473,1260988
2022-06-29,0.32967,99362143.206365,42427,1178978
2022-06-30,0.3323,160449936.2530625,68493,1283714
2022-07-01,0.31393,97994676.81315325,66108,1305472
2022-07-02,0.31572,44368386.49820867,89652,1239577
2022-07-03,0.32159,43943819.93052898,87963,1230063
2022-07-04,0.32858,62472370.59865641,142830,1297947
2022-07-05,0.32504,64551581.33257671,66369,1148305
2022-07-06,0.33233,52637607.14723508,56998,1179707
2022-07-07,0.34226,37291773.59211315,51799,1169181
2022-07-08,0.34021,57943719.64056127,55373,1213027
2022-07-09,0.34486,23067089.91155012,53407,1095028
2022-07-10,0.32541,41042544.95529688,99167,1196526
2022-07-11,0.31508,44890623.25054428,88621,1196480
2022-07-12,0.31169,37244184.13370251,77270,1266918
2022-07-13,0.32366,73342748.21840274,71182,1167602
2022-07-14,0.33371,58826070.00836676,57325,1161761
2022-07-15,0.33417,73224815.69117594,188755,1525862
2022-07-16,0.35041,54950658.23753565,215208,1461101
2022-07-17,0.34336,48866627.03934339,272298,1571557
2022-07-18,0.36549,62900097.3969973,80842,1341909
2022-07-19,0.37287,80710834.2363571,94681,1341637
2022-07-20,0.36332,66520031.62601542,200868,1335779
2022-07-21,0.36682,41232752.76137915,182010,1358762
2022-07-22,0.3578,37812860.18009938,42042,1280473
2022-07-23,0.35921,24891838.875131,43368,1135754
2022-07-24,0.35852,24335045.48100414,56984,1130465
2022-07-25,0.33593,40448850.17702297,146254,1253483
2022-07-26,0.33716,41671706.88038563,245373,1371476
2022-07-27,0.35932,63405162.26007368,55565,1141656
2022-07-28,0.37374,67813855.75391217,163547,1342854
2022-07-29,0.36781,66936761.44867777,52202,1217608
2022-07-30,0.38791,72257188.75323173,57441,1221197
2022-07-31,0.37915,43092156.84359524,46695,1102385
2022-08-01,0.37899,43250556.67310608,66888,1126161
2022-08-02,0.37147,68369231.50171956,42430,1188660
2022-08-03,0.3696,68776682.17237577,60967,1104189
2022-08-04,0.37122,58162726.27965586,61666,1039772
2022-08-05,0.37626,40508199.66823197,191135,1177674
2022-08-06,0.37141,20297669.28289277,194336,1188140
2022-08-07,0.37225,18404106.56666253,65355,1127205
2022-08-08,0.37867,40484782.11197346,49214,1144696
2022-08-09,0.36734,71199553.44015148,50852,1043969
2022-08-10,0.38145,81968045.34096418,73423,1105314
2022-08-11,0.38029,64661893.6943811,60622,1016947
2022-08-12,0.37951,33136767.423454,63200,964541
2022-08-13,0.37794,22908780.11501043,63512,983519
2022-08-14,0.37566,38407660.78829033,41286,1001920
2022-08-15,0.37513,41386148.25607526,40451,1040126
2022-08-16,0.37702,70226319.01240835,51906,1065131
2022-08-17,0.37962,104443082.78161742,44737,1038584
2022-08-18,0.37039,81974142.12750395,47099,1025421
2022-08-19,0.33444,81236904.37713078,138243,1223376
2022-08-20,0.33683,35959028.7505134,53683,1062312
2022-08-21,0.34473,28441203.64385683,32070,996762
2022-08-22,0.34387,38027252.31942571,33787,1007686
2022-08-23,0.34731,62575319.88358467,34227,961354
2022-08-24,0.34571,58957531.05510359,47069,995947
2022-08-25,0.34903,67907859.23908299,49350,996035
2022-08-26,0.3393,78917360.56965923,40215,1113284
2022-08-27,0.33468,40380149.33425754,35574,1015755
2022-08-28,0.32226,26282728.46926419,43657,992692
2022-08-29,0.33387,42826409.10104834,41078,1038319
2022-08-30,0.32677,73163796.73615716,58689,1010841
2022-08-31,0.32781,65116771.11669668,49581,985554
2022-09-01,0.33325,64229690.49294065,61773,1024339
2022-09-02,0.33135,36674642.76182462,48757,1011303
2022-09-03,0.32974,15134724.78170933,34135,941397
2022-09-04,0.33178,18061425.51152318,46283,953227
2022-09-05,0.33291,29252976.31608844,51567,1007305
2022-09-06,0.32127,95850265.41769163,51450,1066262
2022-09-07,0.33687,89310146.54763883,40104,1026810
2022-09-08,0.3396,89127502.25925814,68015,1084876
2022-09-09,0.35675,58176250.68038875,60823,1223387
2022-09-10,0.35743,23453207.60800157,47549,1206914
2022-09-11,0.35509,23721227.41340774,52033,1190364
2022-09-12,0.35986,41922168.06501623,45811,1184675
2022-09-13,0.33279,80542233.40051784,60191,1184571
2022-09-14,0.34169,70366323.84437412,66977,1103513
2022-09-15,0.32633,86403172.17957935,50010,1204063
2022-09-16,0.3553,41471357.44840065,58326,1211550
2022-09-17,0.3761,63670747.5563989,61604,1195620
2022-09-18,0.3577,129086330.58536357,53416,1269428
2022-09-19,0.38483,117413986.30061907,60359,1318756
2022-09-20,0.414,154512039.0029573,46162,1267179
2022-09-21,0.39359,175027210.94762373,65145,1263833
2022-09-22,0.48589,277288671.9663051,62647,1282969
2022-09-23,0.50684,431261568.75844157,88441,1563850
2022-09-24,0.48787,218354309.6718404,65012,1224841
2022-09-25,0.49158,177633908.07380128,91460,1260707
2022-09-26,0.46831,161055359.13747042,69936,1163011
2022-09-27,0.4458,157291319.9873179,64659,1124382
2022-09-28,0.4489,140735000.40674156,52533,1128252
2022-09-29,0.48763,200037541.82534277,67474,1232582
2022-09-30,0.47981,162218947.2979221,67284,1246119
2022-10-01,0.4755,71543218.2461895,70226,1182616
2022-10-02,0.44853,91247138.43185256,71840,1182291
2022-10-03,0.46204,94828769.1936043,60146,1213081
2022-10-04,0.47963,140216556.0603956,49376,1231981
2022-10-05,0.48878,155775103.3057035,65899,1247690
2022-10-06,0.49356,145725485.8220514,81918,1275607
2022-10-07,0.51778,157006645.7155733,73615,1332992
2022-10-08,0.51715,100014528.23007292,60150,1286986
2022-10-09,0.53251,107727694.88398805,55760,1238898
2022-10-10,0.49376,157502180.36983928,60948,1276658
2022-10-11,0.48614,161190920.73411933,53702,1291415
2022-10-12,0.48833,102861012.39528657,68734,1464767
2022-10-13,0.4791,194863531.1970701,49478,1436642
2022-10-14,0.48838,154564208.64899808,61802,1382918
2022-10-15,0.48195,42794021.35520756,55261,1333600
2022-10-16,0.47657,54188933.8294867,67018,1360469
2022-10-17,0.48055,92670972.53530647,56043,1300821
2022-10-18,0.4659,81979607.6594623,52159,1332975
2022-10-19,0.45038,92017912.18140875,48701,1288984
2022-10-20,0.44656,102882100.44211382,50346,1194378
2022-10-21,0.46138,112040617.45094375,59619,1213760
2022-10-22,0.46548,40805489.7725,51380,1125045
2022-10-23,0.46886,37247303.63142289,57176,1230038
2022-10-24,0.45306,64202634.9949377,51267,1103597
2022-10-25,0.4607,94733987.26543295,49396,1064258
2022-10-26,0.46893,67788280.86989,52379,1069434
2022-10-27,0.46144,86786051.73700652,48172,1066950
2022-10-28,0.47446,52129737.00045027,46487,981806
2022-10-29,0.47006,52951379.409653,52138,1049384
2022-10-30,0.45812,35051653.80614656,50398,1099933
2022-10-31,0.4644,65095825.19326758,46376,1263950
2022-11-01,0.46357,57551456.3236,60997,1342745
2022-11-02,0.44989,72120196.07838123,74661,1310548
2022-11-03,0.45483,44034965.3975525,58544,1188385
2022-11-04,0.50631,146270225.84616482,53061,1219768
2022-11-05,0.49296,53135383.02886019,76572,1323684
2022-11-06,0.471,43676922.96601464,61522,1262152
2022-11-07,0.46469,73916970.84156498,60683,1226231
2022-11-08,0.40604,247120122.51219046,49630,1352747
2022-11-09,0.33342,209348258.43805474,62442,1389385
2022-11-10,0.39443,108885297.93859236,70580,1259925
2022-11-11,0.38419,62035211.37971221,58410,1214454
2022-11-12,0.36358,30960860.5846,55537,1097970
2022-11-13,0.34103,38755151.41841622,73413,1198090
2022-11-14,0.37736,84073413.72685356,67793,1275437
2022-11-15,0.38877,84136827.95170458,54691,1200588
2022-11-16,0.37505,56568752.9289143,47924,1157694
2022-11-17,0.38172,50748851.1821,52601,1113490
2022-11-18,0.38272,30777845.11313807,51934,1117943
2022-11-19,0.38415,21179923.076,51245,1004093
2022-11-20,0.36083,46140147.97461258,55737,1229986
2022-11-21,0.36442,64656925.39703083,57677,1185648
2022-11-22,0.37583,52291182.80525364,59102,1102866
2022-11-23,0.38162,48541813.3586,65327,1186610
2022-11-24,0.40186,45062446.5275,53902,1094370
2022-11-25,0.40761,55379254.87988351,51883,1005986
2022-11-26,0.39592,31301136.00017753,46805,1068222
2022-11-27,0.39616,29074382.6168,44615,1025430
2022-11-28,0.3888,50275812.44236822,54934,1099680
2022-11-29,0.39804,40150549.1188,54232,1091512
2022-11-30,0.40778,44069820.357,64214,1138442
2022-12-01,0.39683,29503519.648,65791,1101028
2022-12-02,0.39605,32528433.42539683,60840,1071407
2022-12-03,0.38714,24151521.0988,65928,1069725
2022-12-04,0.38964,20575685.2123,78125,1067224
2022-12-05,0.38922,29543848.61366976,189182,1234843
2022-12-06,0.39126,24858820.2524,50306,1101195
2022-12-07,0.38334,28743350.35351152,64677,1183673
2022-12-08,0.39424,23832528.87371423,45115,1176121
2022-12-09,0.38871,18311818.554075,54145,1214195
2022-12-10,0.38654,9269624.97488208,44080,1133650
2022-12-11,0.38107,12439587.77057401,47852,1136499
2022-12-12,0.3875,25096993.78070555,44475,1287687
2022-12-13,0.39524,38367223.1574,48301,1290067
2022-12-14,0.38517,31388757.3118,47657,1192639
2022-12-15,0.37783,22579297.891285,50909,1222726
2022-12-16,0.35108,46513547.9475127,44874,1153102
2022-12-17,0.35455,27783327.014085,54647,1201842
2022-12-18,0.34981,14125990.6369,47855,1198072
2022-12-19,0.33879,37688338.5017,42524,1162984
2022-12-20,0.34815,24329887.3379,47870,1119218
2022-12-21,0.34505,17873754.95198809,44023,1151383
2022-12-22,0.34915,15686057.1744,47935,1273174
2022-12-23,0.35451,11231179.2206,48415,1270276
2022-12-24,0.35177,6806924.93011542,43016,1261321
2022-12-25,0.34595,9712688.8361,50917,1291376
2022-12-26,0.36559,21829184.13343831,75535,1241194
2022-12-27,0.36756,34147892.76299876,47080,1121972
2022-12-28,0.35575,29428043.90097502,44188,1130971
2022-12-29,0.34208,30926321.825925,53217,1077724
2022-12-30,0.34492,30814539.32734398,50373,1032880
2022-12-31,0.33896,18953386.7239,63130,1090451
2023-01-01,0.33876,12636731.1827,61605,1121265
2023-01-02,0.34811,75232101.47600101,57743,1314268
2023-01-03,0.34368,27003733.64458824,47197,1188838
2023-01-04,0.34725,35900738.90032467,111248,1262609
2023-01-05,0.33787,25313266.5811136,169553,1361256
2023-01-06,0.34428,27687297.97594078,126010,1236689
2023-01-07,0.34435,19391064.7775,135831,1147506
2023-01-08,0.3452,24525911.3296,86272,1097634
2023-01-09,0.349,60257028.06375029,55460,1165835
2023-01-10,0.35077,36467461.1995,97513,1147428
2023-01-11,0.37304,75384571.35103191,165411,1317612
2023-01-12,0.37477,54936962.58988357,48240,1268257
2023-01-13,0.38562,42872261.31746415,59517,1177630
2023-01-14,0.39523,73206309.81712168,59191,1254044
2023-01-15,0.38463,30168822.45199149,59864,1139083
2023-01-16,0.38552,61543159.0237,87232,1172371
2023-01-17,0.38683,36767463.86693284,162322,1181655
2023-01-18,0.37819,58252828.03093913,44456,1065662
2023-01-19,0.3929,38256364.6704,37752,1110008
2023-01-20,0.41287,44735541.5425518,50144,1183113
2023-01-21,0.40328,47334996.5266,66255,1351317
2023-01-22,0.40047,38533517.32077506,45395,1277311
2023-01-23,0.42349,83047480.8578,58074,1361006
2023-01-24,0.40779,43303493.7072,63283,1374594
2023-01-25,0.41691,40051806.68375929,47199,1323620
2023-01-26,0.40921,36468475.6823,38933,1315950
2023-01-27,0.41277,33438651.96643854,51230,1431994
2023-01-28,0.40773,22084357.402,62377,1421266
2023-01-29,0.41343,26490479.9396,53501,1411764
2023-01-30,0.39345,45362766.92001861,45568,1257604
2023-01-31,0.40573,43759932.98575293,45475,1234966
2023-02-01,0.4132,46812519.00072393,59459,1301363
2023-02-02,0.40975,50926479.2996814,62224,1159080
2023-02-03,0.41155,35071156.84302916,52991,1170497
2023-02-04,0.41072,26798023.9526,60189,1195128
2023-02-05,0.39852,30762876.5161,56224,1326686
2023-02-06,0.39209,32386902.73206146,45270,1465035
2023-02-07,0.40365,42939515.55770745,34605,1380051
2023-02-08,0.3977,39952998.82144985,53155,1439910
2023-02-09,0.38165,69480997.23121478,63438,1455025
2023-02-10,0.38169,41076231.7041,57788,1417599
2023-02-11,0.38347,15169478.97001667,48423,1325138
2023-02-12,0.37488,18428731.6415,54293,1411367
2023-02-13,0.37041,41790837.4722,47849,1450365
2023-02-14,0.38199,43161558.7348875,52522,1446339
2023-02-15,0.40122,52958173.4888,59019,1497663
2023-02-16,0.38406,56690210.2725,52295,1317521
2023-02-17,0.39498,45941796.86080628,43050,1346485
2023-02-18,0.39412,20986995.8642,37995,1296176
2023-02-19,0.38619,34885627.1124,37472,1339931
2023-02-20,0.39848,46771827.64729331,39328,1346655
2023-02-21,0.39188,37013689.9729,49449,1459310
2023-02-22,0.39532,35629636.1616,40503,1485927
2023-02-23,0.38827,28244147.9322,46840,1380753
2023-02-24,0.37823,32175964.301668,41874,1401410
2023-02-25,0.37779,20646589.0584,50068,1207321
2023-02-26,0.37795,17101513.06,47878,1294808
2023-02-27,0.3785,23530885.4939,47554,1294931
2023-02-28,0.37623,28744724.48178643,38543,1423865
2023-03-01,0.38349,30966605.93684678,51129,1446936
2023-03-02,0.37723,25037412.8195,48460,1567245
2023-03-03,0.37729,48652380.00455758,41841,1329399
2023-03-04,0.37352,25758214.7593,42200,1262539
2023-03-05,0.36672,20281555.9674,37778,1201921
2023-03-06,0.36958,34699348.84907924,42293,1262920
2023-03-07,0.38014,56083580.30454542,35952,1283568
2023-03-08,0.38904,89682210.13779555,46504,1316620
2023-03-09,0.37067,85339237.0046241,39730,1352304
2023-03-10,0.37,66156833.57129633,41320,1358194
2023-03-11,0.36383,64486438.74073923,53107,1330319
2023-03-12,0.37143,64779727.228135,38345,1211385
2023-03-13,0.37234,80323090.06875928,36653,1227717
2023-03-14,0.37254,60046921.7332,40526,1250819
2023-03-15,0.35896,46851869.82691005,36647,1175672
2023-03-16,0.3648,27597442.31782799,42774,1389646
2023-03-17,0.37986,47629356.86444317,43974,1450422
2023-03-18,0.37385,40151337.682,35146,1794318
2023-03-19,0.38576,55194753.88703956,883805,2356953
2023-03-20,0.37345,45130927.70003898,51246,1507849
2023-03-21,0.46932,239910483.47436422,60906,1514671
2023-03-22,0.42138,180843862.9740381,51772,1547099
2023-03-23,0.44408,109019804.07907385,53648,1504064
2023-03-24,0.42575,61821999.78133461,44992,1564970
2023-03-25,0.44324,89439207.37990092,43678,1364111
2023-03-26,0.44807,47741526.52381885,44664,1317761
2023-03-27,0.4788,120007387.3676191,47978,1439019
2023-03-28,0.51445,177052103.40864542,49809,1485412
2023-03-29,0.5423,233039113.24760857,50219,1505012
2023-03-30,0.53194,150453504.20809963,40603,1315222
2023-03-31,0.53766,126505062.1361846,39365,1313020
2023-04-01,0.50949,122209648.91569138,37376,1189160
2023-04-02,0.51798,92972060.9889,83787,1462793
2023-04-03,0.49587,111558443.50634822,40785,1372775
2023-04-04,0.50265,81130175.7651,32990,1231543
2023-04-05,0.50559,81321579.01364157,38374,1319152
2023-04-06,0.503,68385243.18457834,40115,1196994
2023-04-07,0.51262,66734317.4311,38948,1113095
2023-04-08,0.50483,32356183.2174,34276,1145244
2023-04-09,0.50539,30939223.14221875,42811,1222792
2023-04-10,0.51771,37772177.3184,31300,1069714
2023-04-11,0.51647,59853694.852122,29469,1373126
2023-04-12,0.50481,55193445.72864923,32793,1163490
2023-04-13,0.51238,46834506.9721,29161,1064883
2023-04-14,0.52259,78524117.46614438,37280,1155702
2023-04-15,0.51933,31390132.44,45951,1101739
2023-04-16,0.52073,30137633.2598729,41495,1081715
2023-04-17,0.51076,41412257.58123617,26596,945133
2023-04-18,0.53236,48978379.7989,30177,1000313
2023-04-19,0.49121,97321625.53942572,28805,1096158
2023-04-20,0.47519,89436849.089176,30661,1088945
2023-04-21,0.44897,177098265.21732,27358,1183042
2023-04-22,0.472,36047665.21710021,29634,1099310
2023-04-23,0.46465,31948919.1923,38542,1034680
2023-04-24,0.46086,62003151.04558266,29478,1040243
2023-04-25,0.46961,37316461.55053333,26702,1039785
2023-04-26,0.4616,73346805.94543612,26068,1036575
2023-04-27,0.46665,41507658.5952,28305,974641
2023-04-28,0.47957,41430659.3991,34044,1001365
2023-04-29,0.47794,25208738.02621036,23031,962713
2023-04-30,0.47031,27996151.178817,40610,936626
2023-05-01,0.46486,38555839.41598506,45269,963458
2023-05-02,0.46441,27256112.1477,29498,966685
2023-05-03,0.46324,46858175.80705005,25963,981599
2023-05-04,0.46096,28742946.3606,26036,1034289
2023-05-05,0.4669,40329523.88508131,26273,1042122
2023-05-06,0.45828,27219302.7941,26719,1080430
2023-05-07,0.44896,18085197.36360692,38953,944120
2023-05-08,0.42817,69000102.16788682,40033,1216964
2023-05-09,0.42875,33851747.3907,36075,1148796
2023-05-10,0.43006,63696642.75403,25007,1013856
2023-05-11,0.42069,38253920.8764,24677,1037874
2023-05-12,0.43054,48243200.0975,24357,1041000
2023-05-13,0.42398,14376095.8064,25392,974410
2023-05-14,0.42517,17606715.2071,26840,852160
2023-05-15,0.42712,20333885.91589793,85641,1080269
2023-05-16,0.44254,39750482.6326,27716,1253172
2023-05-17,0.44847,67012179.6956,30042,1295635
2023-05-18,0.45956,64804217.03470999,33486,1502261
2023-05-19,0.46735,37854947.97769283,31723,1237714
2023-05-20,0.46848,19622104.8427,32685,1199044
2023-05-21,0.45751,26326651.328039,43353,1193473
2023-05-22,0.46171,30788466.1752,24330,1173178
2023-05-23,0.46516,28679779.8997,27762,1030103
2023-05-24,0.453,33921480.9295,26275,1223454
2023-05-25,0.45393,32867489.94487458,27022,1070623
2023-05-26,0.4685,48996915.7869,27858,1027413
2023-05-27,0.47161,41338213.7505,133681,1149203
2023-05-28,0.48201,30751571.3656,525772,1639479
2023-05-29,0.49452,63490770.18522915,294359,1563617
2023-05-30,0.52057,129302141.622423,33502,1226561
2023-05-31,0.51677,86485187.95979232,30770,1266812
2023-06-01,0.50636,62093221.38368986,33268,1236186
2023-06-02,0.52444,74317513.44443122,71360,1441052
2023-06-03,0.51885,43538425.1214,42896,1415127
2023-06-04,0.53592,74086753.60186274,40709,1218899
2023-06-05,0.50882,136177154.31684214,39133,1091792
2023-06-06,0.52989,91454885.20418772,31703,1162708
2023-06-07,0.51815,98814156.01929682,32223,1045928
2023-06-08,0.52371,65861000.5843,29011,1158614
2023-06-09,0.538,85172273.77216919,30980,1157829
2023-06-10,0.50673,143309868.24096128,33944,1382793
2023-06-11,0.52078,64770496.9855,35545,1036046
2023-06-12,0.52499,69187708.8429245,31754,1095905
2023-06-13,0.51933,156626192.3547035,34493,1067117
2023-06-14,0.48015,123720552.71800207,34142,1089623
2023-06-15,0.48016,72953071.6441335,73950,1042631
2023-06-16,0.47573,66424728.2602,59403,997710
2023-06-17,0.47945,34322282.5438025,56659,1094630
2023-06-18,0.48683,44093267.79429875,41979,943668
2023-06-19,0.49367,42954486.46500208,29886,1027658
2023-06-20,0.49285,58541132.19984027,29384,921895
2023-06-21,0.49998,81330525.36517,32651,1097275
2023-06-22,0.4937,97435510.83622056,31828,977398
2023-06-23,0.49603,60512981.87496615,157108,1196422
2023-06-24,0.48649,48173748.633055,158966,993936
2023-06-25,0.49023,42071782.4981,158966,1001813
2023-06-26,0.47894,67539077.84849158,158940,1104307
2023-06-27,0.48384,36960217.6963,163093,1203328
2023-06-28,0.46478,70604542.22794434,157330,1269615
2023-06-29,0.47468,36327901.5882,133359,1026675
2023-06-30,0.4731,91552361.52254587,34480,980133
2023-07-01,0.47317,40799032.31788699,31378,880901
2023-07-02,0.48448,60529021.67298496,40769,882297
2023-07-03,0.48898,48538673.1635,29068,937165
2023-07-04,0.48705,52953595.3854,24363,1052830
2023-07-05,0.47767,58579075.021788,24132,929883
2023-07-06,0.46213,53157025.9443,29272,997676
2023-07-07,0.46856,37726549.52477695,25181,987766
2023-07-08,0.47043,29414213.2507,22541,989669
2023-07-09,0.46806,20890272.4172,27693,887998
2023-07-10,0.47789,52885712.00746368,27060,895017
2023-07-11,0.47518,34751127.4155,25551,851711
2023-07-12,0.47102,32076823.99158438,23288,885816
2023-07-13,0.8157,326904207.5640879,64673,1386155
2023-07-14,0.71793,262761995.58945382,65204,1403711
2023-07-15,0.71457,89833418.51495235,40466,1257090
2023-07-16,0.74713,120321233.48926385,43627,1046376
2023-07-17,0.73738,73690134.47592945,34470,1168368
2023-07-18,0.7781,84337291.98062465,31703,1173395
2023-07-19,0.81982,140952647.2426746,39345,1246170
2023-07-20,0.79429,91803550.95311087,38110,1078574
2023-07-21,0.7715,54845407.33569316,33212,1148824
2023-07-22,0.73287,58965188.09546714,32715,986960
2023-07-23,0.73841,49524883.0226,35508,1188039
2023-07-24,0.7023,79701824.81274088,32751,1121117
2023-07-25,0.70898,62608061.10072604,27537,1029034
2023-07-26,0.71612,60544310.82700463,38050,879664
2023-07-27,0.71396,38352374.0502534,27528,688585
2023-07-28,0.7121,25953779.05636824,27281,855326
2023-07-29,0.71204,14629116.9403,33418,612171
2023-07-30,0.70464,42177005.34396097,98508,731717
2023-07-31,0.69762,30479158.13895512,122554,738028
2023-08-01,0.70662,43824555.66472901,153040,989995
2023-08-02,0.68483,38038130.52757339,170276,1268354
2023-08-03,0.66303,50693291.35192991,82784,1178862
2023-08-04,0.63561,55275187.50620663,28651,1084823
2023-08-05,0.62877,44137727.29453389,26138,1236331
2023-08-06,0.62398,29006859.39818497,70506,1019273
2023-08-07,0.62356,47263776.41388592,125142,1246386
2023-08-08,0.64183,45950596.49584238,189349,1279339
2023-08-09,0.64336,74855487.40800034,75378,1116060
2023-08-10,0.63302,33207850.30146218,141446,1252387
2023-08-11,0.6317,29368884.75204102,194994,1088342
2023-08-12,0.62754,10662316.83716595,147444,1216106
2023-08-13,0.62579,16195312.50928063,203447,1359116
2023-08-14,0.6341,26076025.73300108,25201,1301016
2023-08-15,0.6104,47198849.09489486,25340,1180081
2023-08-16,0.58888,51393852.23341305,25202,1084277
2023-08-17,0.50629,132646526.27210745,28283,1144529
2023-08-18,0.50612,86874620.37860169,31902,1357523
2023-08-19,0.51998,36885843.75612258,23350,969980
2023-08-20,0.53849,45654598.91264112,27839,956648
2023-08-21,0.52445,55131661.06759529,24795,935493
2023-08-22,0.52107,42696527.2945,25154,927633
2023-08-23,0.53011,34108563.94200749,24192,940000
2023-08-24,0.51867,17108743.2656438,31949,882473
2023-08-25,0.52572,32210517.29153152,26559,847559
2023-08-26,0.52308,12866714.62539779,31848,895250
2023-08-27,0.52358,18548082.70168844,36766,946159
2023-08-28,0.52313,25823676.7256,24320,1175296
2023-08-29,0.53978,50577011.46568976,26485,1077395
2023-08-30,0.52842,25148938.68650643,30088,1061720
2023-08-31,0.51092,44076030.17347545,32639,1016396
2023-09-01,0.49795,38989109.70247074,31106,917274
2023-09-02,0.49879,12156183.1301,24023,979169
2023-09-03,0.50467,15331978.37005406,32771,987222
2023-09-04,0.50866,19615201.79261631,28210,1000243
2023-09-05,0.50548,14298642.59252151,22205,1070103
2023-09-06,0.50328,17579754.30790751,22071,1083350
2023-09-07,0.50505,12619335.21855793,21509,1035228
2023-09-08,0.50477,16378077.982,25111,954234
2023-09-09,0.50391,5599197.3655,23676,1038556
2023-09-10,0.49701,12074104.54058439,25619,1081491
2023-09-11,0.47428,34817408.92761718,32620,1011599
2023-09-12,0.48016,31731301.57343229,21950,970021
2023-09-13,0.48325,25324018.61637372,20865,986927
2023-09-14,0.48917,14768508.4679,20950,1015488
2023-09-15,0.50054,21022001.43533133,21988,952501
2023-09-16,0.49978,8216425.86721181,19938,1131263
2023-09-17,0.49247,9357515.84450967,38299,975291
2023-09-18,0.50299,21360811.99060181,22455,1097079
2023-09-19,0.51385,16725186.4194452,22524,1070864
2023-09-20,0.52117,20057279.74266172,24471,1079297
2023-09-21,0.50719,14520670.60820684,23171,1130676
2023-09-22,0.51226,11613887.13571646,21923,1050446
2023-09-23,0.50756,8103488.77410609,30323,1076568
2023-09-24,0.50216,8398299.51536677,25445,1081174
2023-09-25,0.50565,16435572.99208887,21781,1253075
2023-09-26,0.50189,13974063.06211841,21472,1249383
2023-09-27,0.49928,15291529.31974701,23713,1262301
2023-09-28,0.50971,13790794.11096877,22691,1156798
2023-09-29,0.5215,48810108.04105018,24229,1246939
2023-09-30,0.5148,14004558.5973,24605,1263721
2023-10-01,0.52402,15099998.95291194,25735,1061578
2023-10-02,0.51207,25964422.93228435,28216,1208357
2023-10-03,0.53916,39747447.56267489,21931,1127602
2023-10-04,0.53271,43212585.86253366,24952,1217780
2023-10-05,0.52278,21722901.56388613,21985,1134176
2023-10-06,0.52539,15453428.70414292,24695,1071478
2023-10-07,0.52161,7951104.9008,23045,1033668
2023-10-08,0.51755,9004859.31468262,33992,1023987
2023-10-09,0.5028,31875408.61489008,21610,1030857
2023-10-10,0.49638,15883042.76343339,21698,1027952
2023-10-11,0.4888,25453123.19999563,21657,1198740
2023-10-12,0.48305,24978473.7071728,22871,1114973
2023-10-13,0.48513,19754212.43109903,22781,765408
2023-10-14,0.48664,9609381.13132444,20159,752547
2023-10-15,0.48733,9140160.34339339,25232,803748
2023-10-16,0.49765,43687136.82288371,22401,821173
2023-10-17,0.49127,19675654.44934529,21477,787184
2023-10-18,0.48772,13214547.3282,37851,816212
2023-10-19,0.51984,43387104.9541749,23413,877984
2023-10-20,0.51485,43385148.69545118,25545,866737
2023-10-21,0.521,23535113.82089777,31875,851990
2023-10-22,0.52266,17230287.20010813,30041,931742
2023-10-23,0.54753,50180317.75435159,28820,1036927
2023-10-24,0.55889,81134256.2478344,28846,967424
2023-10-25,0.5553,30102459.40788125,24539,978471
2023-10-26,0.55341,27377079.08317243,23320,1001049
2023-10-27,0.54305,21833099.09627102,23241,971579
2023-10-28,0.54462,7980526.81525587,21531,954266
2023-10-29,0.55598,13355948.50214065,26182,815745
2023-10-30,0.57814,28009381.54285509,29225,899523
2023-10-31,0.59962,50222375.3941493,31886,1001232
2023-11-01,0.60861,39004933.73095113,43335,1013440
2023-11-02,0.60539,37547608.41127305,57055,1190755
2023-11-03,0.61217,29696283.6717661,30587,1156719
2023-11-04,0.61507,11350912.53070256,36241,1073103
2023-11-05,0.66052,43009001.45048983,35499,1100235
2023-11-06,0.71463,79580952.65137708,41644,1052907
2023-11-07,0.68499,80174515.1979618,28305,937426
2023-11-08,0.6874,33485856.2850609,27398,1013131
2023-11-09,0.66684,79202033.9697128,30285,1137991
2023-11-10,0.65931,42783263.60851719,28574,1044851
2023-11-11,0.66303,38119217.36980619,25264,911120
2023-11-12,0.66143,20670251.74616507,29383,948391
2023-11-13,0.67003,95845987.7375072,26261,1069056
2023-11-14,0.62949,61721437.6332255,26154,1084451
2023-11-15,0.64805,26788761.443382,25657,1057402
2023-11-16,0.61174,39983684.49929419,25263,972498
2023-11-17,0.61324,37739478.54541505,25647,1081721
2023-11-18,0.61059,23677707.31286989,33167,900140
2023-11-19,0.6258,20152771.36132719,31642,917017
2023-11-20,0.61204,30289789.55857897,23457,1007095
2023-11-21,0.57848,49957121.71852039,28112,1048338
2023-11-22,0.61098,28627426.03184821,28654,973363
2023-11-23,0.62065,19207105.21367145,24520,1028672
2023-11-24,0.62117,22737696.80948583,24206,990243
2023-11-25,0.62263,10864430.1519921,22140,843625
2023-11-26,0.61594,27727640.61116464,27672,915885
2023-11-27,0.60382,25567264.18705653,26360,1064544
2023-11-28,0.61056,19365619.72942463,26846,1068009
2023-11-29,0.60912,16428391.90001453,25821,912779
2023-11-30,0.60636,20182614.66792782,27044,849942
2023-12-01,0.61247,15516209.28665781,28571,906723
2023-12-02,0.62064,15297087.60768192,36359,1148581
2023-12-03,0.62304,19048455.69319049,30730,1124465
2023-12-04,0.62455,54100830.27162324,37648,1429788
2023-12-05,0.62095,37109407.17611783,28201,1235898
2023-12-06,0.64011,43827361.34674509,28836,1149516
2023-12-07,0.64332,37593969.68163594,28169,1221981
2023-12-08,0.67231,41310087.07691484,30683,1386521
2023-12-09,0.65853,51674271.61218463,28425,1596161
2023-12-10,0.66177,17445053.85387273,32045,1275541
2023-12-11,0.61862,67966666.81024705,28230,1440847
2023-12-12,0.61913,23060673.80986236,26947,1452326
2023-12-13,0.6275,27577114.623151,26378,1512929
2023-12-14,0.63162,31115680.5623609,28240,1251873
2023-12-15,0.6155,31073789.20106287,26875,1184609
2023-12-16,0.62035,13365198.3781081,35712,1187245
2023-12-17,0.61024,14090818.76812355,30555,1320609
2023-12-18,0.61249,32491696.84969307,27870,1272624
2023-12-19,0.60445,24470905.0164,37460,1220680
2023-12-20,0.6171,29382448.27612069,30493,1166091
2023-12-21,0.62399,19348443.77761191,27210,1147416
2023-12-22,0.62431,20525396.36270874,29260,1409298
2023-12-23,0.61948,13452026.41530679,26712,1206379
2023-12-24,0.61216,27510398.60453022,35764,1550537
2023-12-25,0.64605,37465187.91168875,39694,2425219
2023-12-26,0.622,44435612.07090444,56120,4286314
2023-12-27,0.63409,29418246.08441249,43611,2106463
2023-12-28,0.63454,35675480.02581007,31566,1641313
2023-12-29,0.62296,26307592.03384405,57708,5176106
2023-12-30,0.62072,12147442.11277609,71131,6862618
2023-12-31,0.61548,13266512.8751,72680,7226301
2024-01-01,0.62943,12761756.42037162,71152,7159985
2024-01-02,0.6243,31816606.51522412,62579,6851211
2024-01-03,0.58225,116406010.4333,61749,6173817
2024-01-04,0.58679,34686896.72916654,54634,6113087
2024-01-05,0.57579,45074211.80957857,57052,5546007
2024-01-06,0.56804,14140048.5252,51986,5387000
2024-01-07,0.55139,16863438.7355098,53318,5644033
2024-01-08,0.5775,55159930.79147773,49409,5151027
2024-01-09,0.56694,53990626.20454735,47134,4911662
2024-01-10,0.60057,76536365.6778625,51126,4539238
2024-01-11,0.60196,43769762.81924525,46611,4622074
2024-01-12,0.56982,36370018.08524794,45638,4699490
2024-01-13,0.57471,13836869.23376872,53309,4469535
2024-01-14,0.57623,20281842.08894834,48858,4361161
2024-01-15,0.57558,20190483.4560398,44381,4180385
2024-01-16,0.57573,18815957.06770724,43380,4175616
2024-01-17,0.56855,24108344.57431042,39215,4165910
2024-01-18,0.55202,33421879.13166348,43624,4214879
2024-01-19,0.54429,43926666.46067239,44512,4326423
2024-01-20,0.55349,22266071.86253035,40329,3735570
2024-01-21,0.54641,11574512.932,43888,3889734
2024-01-22,0.52746,29361378.3729121,39085,3894914
2024-01-23,0.51819,34147720.44870502,41929,3848250
2024-01-24,0.51826,18914230.88501732,41577,3900393
2024-01-25,0.5136,15638252.54589883,38155,3975761
2024-01-26,0.53218,24220030.62288467,39186,4101781
2024-01-27,0.53041,10543284.20230402,47698,4033917
2024-01-28,0.52419,15279598.207217,46088,4175640
2024-01-29,0.53517,23045364.64112581,35590,3967780
2024-01-30,0.51075,34841154.11409631,35738,4038952
2024-01-31,0.50321,40084885.4359872,43289,4254571
2024-02-01,0.50584,30116521.5676,37325,3848104
2024-02-02,0.5104,24008012.44569253,36142,3654488
2024-02-03,0.51872,20480911.15523184,33215,3406674
2024-02-04,0.50306,13314874.60686234,37975,3147749
2024-02-05,0.50676,19631810.63151,41265,2755027
2024-02-06,0.50508,20687516.08649897,39421,2731085
2024-02-07,0.51379,24089363.03639372,32686,2694587
2024-02-08,0.51466,24272314.2105076,31292,2694000
2024-02-09,0.52615,24869368.99651712,32745,2730650
2024-02-10,0.52376,13779102.09119751,42570,2600519
2024-02-11,0.52632,22129837.39756959,37300,2548327
2024-02-12,0.53148,25326437.6723207,35402,2571133
2024-02-13,0.52465,27431992.0134,35801,2739111
2024-02-14,0.53773,27497629.8289,36133,2708895
2024-02-15,0.56213,50769939.82876286,36496,2722643
2024-02-16,0.5643,35560575.1470445,38463,2668531
2024-02-17,0.54958,23071668.50112364,40693,2457175
2024-02-18,0.55714,16856914.28668848,60779,2424012
2024-02-19,0.56269,27147991.28939178,37310,2197938
2024-02-20,0.56221,47463153.9111985,37117,2033033
2024-02-21,0.54905,29125403.96459485,32395,2069366
2024-02-22,0.54098,21741911.49500303,32797,1923126
2024-02-23,0.53417,24610235.79421489,42141,2092468
2024-02-24,0.54499,13895637.14652544,47565,2122281
2024-02-25,0.54246,12796934.2492,37617,2148263
2024-02-26,0.55069,29385631.17601314,31093,2072728
2024-02-27,0.58615,58986553.63763661,33345,1871669
2024-02-28,0.57504,102875729.0552977,42275,1898644
2024-02-29,0.58663,87319697.60538843,41087,1873897
2024-03-01,0.6012,32904170.58664878,35084,1718656
2024-03-02,0.64396,51525820.43459454,36608,1890801
2024-03-03,0.62678,49152266.66878615,35697,1580924
2024-03-04,0.64783,71627514.59169683,40502,1697652
2024-03-05,0.59129,113516067.34049314,39666,1674829
2024-03-06,0.61216,63618898.11489203,33687,1589566
2024-03-07,0.62707,49921393.32773264,35627,1478675
2024-03-08,0.61997,54821208.81047749,38701,1465519
2024-03-09,0.6197,28299386.36382784,51585,1277991
2024-03-10,0.60808,30644458.02970197,45330,1346364
2024-03-11,0.72282,151432279.050533,43790,1528267
2024-03-12,0.68795,94940327.68373598,55403,1570663
2024-03-13,0.68909,64917539.05948663,35561,1428955
2024-03-14,0.66901,79196945.72927596,31712,1491709
2024-03-15,0.63406,81530344.12899496,32848,1578908
2024-03-16,0.60292,95014409.42680755,33194,1474810
2024-03-17,0.61917,53143050.27800204,37731,1406388
2024-03-18,0.64515,71197333.94911088,32968,1396739
2024-03-19,0.58476,114375836.14103921,35816,1436830
2024-03-20,0.61055,74112454.79359509,33014,1347825
2024-03-21,0.64031,76492078.0770904,39291,1289369
2024-03-22,0.61134,63227651.25086453,33572,1243920
2024-03-23,0.61673,29856648.52777108,36841,1126566
2024-03-24,0.63259,30060590.31928004,56100,1316047
2024-03-25,0.64042,59410483.29510276,37695,1278321
2024-03-26,0.63231,49300221.57013582,51113,1299084
2024-03-27,0.61176,31653160.306457,41817,1245508
2024-03-28,0.62448,25002323.44632492,36236,1353273
2024-03-29,0.63007,30246387.3516538,36942,1292786
2024-03-30,0.62125,14047081.3554,31585,1305005
2024-03-31,0.62944,8712979.728975,43364,1271343
2024-04-01,0.61091,25956615.7642445,49038,1345070
2024-04-02,0.58526,42633471.54347356,46912,1328197
2024-04-03,0.57411,31759310.07257397,39707,1269613
2024-04-04,0.59338,50767519.59061365,39645,1286645
2024-04-05,0.58694,27406478.43234694,56048,1255156
2024-04-06,0.593,15192886.37517217,50556,1171832
2024-04-07,0.59444,17379680.57394293,40642,1225417
2024-04-08,0.61462,36275029.72122967,26499,1195097
2024-04-09,0.61399,37031367.2308,29136,1310618
2024-04-10,0.61707,37124547.75491056,30808,1233484
2024-04-11,0.60849,20313928.83747836,44210,1183952
2024-04-12,0.54673,68931736.00076729,38344,1262587
2024-04-13,0.47871,100663383.17828284,34081,1394775
2024-04-14,0.50332,46976630.82534652,40407,1336616
2024-04-15,0.49761,47689929.74502959,41275,1332341
2024-04-16,0.49625,25447181.711506,25595,1129686
2024-04-17,0.49505,31225157.0313282,25173,1180445
2024-04-18,0.50253,23342834.97152393,29023,1206392
2024-04-19,0.50288,37752873.97879614,35283,1198426
2024-04-20,0.52879,24420291.10421988,40277,1205012
2024-04-21,0.52456,18116859.60761924,27543,1147407
2024-04-22,0.55598,36801737.3943684,25609,1350032
2024-04-23,0.54454,27058728.38419918,37065,1396920
2024-04-24,0.52738,39966044.71384588,37752,1285791
2024-04-25,0.52538,29019227.97639051,23777,1177042
2024-04-26,0.52607,23634230.5541,23901,1096005
2024-04-27,0.51792,16136413.56028174,21726,811956
2024-04-28,0.51039,12692893.871525,22267,751486
2024-04-29,0.51503,21346264.90642668,26751,772540
2024-04-30,0.50065,29983753.63989357,26976,892618
2024-05-01,0.51741,30704298.94282865,32522,896301
2024-05-02,0.51794,19599358.68620634,34053,813748
2024-05-03,0.53166,25119179.32864074,24821,726222
2024-05-04,0.53021,14545310.37265092,23139,653733
2024-05-05,0.5295,11119303.37932883,41118,704753
2024-05-06,0.5401,38922863.89037803,27561,751855
2024-05-07,0.52435,23632098.78410855,22789,717418
2024-05-08,0.51712,18742202.74504349,23143,674404
2024-05-09,0.5209,17183083.9505663,21793,758343
2024-05-10,0.50216,14610064.86369058,22466,783289
2024-05-11,0.50595,8782815.29121547,19109,759603
2024-05-12,0.49932,6496854.22617166,20509,703406
2024-05-13,0.50528,16127390.23653531,21340,721269
2024-05-14,0.50022,14989119.3981735,21829,812052
2024-05-15,0.51883,15685335.10793853,22293,776379
2024-05-16,0.51569,17591599.74831436,22204,831724
2024-05-17,0.52341,16379574.86457407,24326,767141
2024-05-18,0.52119,7460608.23386892,37128,828095
2024-05-19,0.5095,8024362.59026435,24073,780568
2024-05-20,0.53783,20927471.53850806,26792,843356
2024-05-21,0.53712,31493008.04089058,24717,879750
2024-05-22,0.52688,17215167.96696946,30304,934952
2024-05-23,0.52879,35385364.31523484,22241,873633
2024-05-24,0.53586,21032390.17024349,21642,818507
2024-05-25,0.5419,11203213.10570035,20712,795179
2024-05-26,0.52831,9002514.83896465,23825,776306
2024-05-27,0.53396,17553007.80261694,23619,833049
2024-05-28,0.52872,15969352.4836517,23885,860812
2024-05-29,0.52373,13825231.6913,22205,865944
2024-05-30,0.5187,14105950.26501254,21059,832704
2024-05-31,0.51759,16024737.86729918,20805,831061
2024-06-01,0.51861,6067617.67321342,40334,805332
2024-06-02,0.51353,9629323.03800987,29301,777773
2024-06-03,0.51983,9667844.4596,28001,824536
2024-06-04,0.52575,15154052.82360673,27587,766157
2024-06-05,0.52576,14504256.45547532,32935,760753
2024-06-06,0.52145,10193477.57795371,22881,839420
2024-06-07,0.49898,49713387.07137187,44615,773516
2024-06-08,0.49279,9128103.55540834,28620,744338
2024-06-09,0.49868,4617672.86996113,24603,691836
2024-06-10,0.4969,14008582.67135073,25181,734183
2024-06-11,0.48025,28452564.5261,31107,779985
2024-06-12,0.49156,24838195.369,21313,743505
2024-06-13,0.47691,16730086.79840859,29638,715837
2024-06-14,0.47451,39586616.447023,27887,800822
2024-06-15,0.49078,14445606.39773721,33613,732929
2024-06-16,0.48923,13194495.8625,25138,755011
2024-06-17,0.50467,37015018.23548132,21976,778296
2024-06-18,0.49088,44709964.6437299,44726,884525
2024-06-19,0.49312,26050382.14571029,21024,767662
2024-06-20,0.48878,27870963.4559,22916,758641
2024-06-21,0.48901,27005432.02541,20892,902674
2024-06-22,0.48656,10879831.71466758,23567,1004101
2024-06-23,0.47977,10675690.2082,25510,1649658
2024-06-24,0.47419,35823536.22133216,22907,2072169
2024-06-25,0.47574,19507313.83950063,21941,1822690
2024-06-26,0.4698,15794416.0493,21748,1037767
2024-06-27,0.4753,14397609.9249,22534,1119009
2024-06-28,0.47155,16798769.03488538,21023,1136053
2024-06-29,0.47266,6608052.02433611,41544,1111035
2024-06-30,0.47614,11498985.852,21375,1141441
2024-07-01,0.47701,17013963.11787824,27953,1316440
2024-07-02,0.48536,17115219.1298479,22008,1521688
2024-07-03,0.46725,19959216.78531048,21617,1741856
2024-07-04,0.43283,34149408.35153133,23693,2059905
2024-07-05,0.42509,57607005.87873024,27552,2074984
2024-07-06,0.44886,11442779.41299724,21176,2014019
2024-07-07,0.41931,14051910.89367969,21324,2232806
2024-07-08,0.43159,31087958.93993377,22376,2551985
2024-07-09,0.43571,14181522.04628136,25853,2551546
2024-07-10,0.43889,14878231.26500073,31755,2303419
2024-07-11,0.44908,14526386.98873014,20539,2472662
2024-07-12,0.47452,34128954.81651517,39064,2688318
2024-07-13,0.52552,61152603.09377859,38840,2852157
2024-07-14,0.52019,30013172.65367069,23136,2920904
2024-07-15,0.53706,31083077.8581082,41467,3788498
2024-07-16,0.57935,56837768.90792695,50254,4449099
2024-07-17,0.626,62385362.12847192,52648,3902799
2024-07-18,0.56952,85780558.19272693,43235,4783137
2024-07-19,0.57318,48670233.27074899,23498,5429413
2024-07-20,0.59375,40499738.07854369,20704,2855517
2024-07-21,0.59831,30368311.22796264,20194,3164810
2024-07-22,0.60787,40585615.17159221,25076,3617919
2024-07-23,0.59738,40823579.22328645,28316,2054521
2024-07-24,0.61859,46715418.06187616,23543,1523748
2024-07-25,0.59977,51944387.85607183,23193,1450039
2024-07-26,0.60327,31494383.96511387,22543,1541175
2024-07-27,0.59573,20226663.70415569,38537,1469438
2024-07-28,0.60138,13671765.35120082,24110,1385438
2024-07-29,0.60183,26998618.61111902,22317,1482234
2024-07-30,0.6275,49904354.29020034,24927,1467075
2024-07-31,0.62305,54995420.08665125,29582,1378807
2024-08-01,0.5964,52107389.68375855,25743,1239708
2024-08-02,0.5608,44486009.376045,22936,1056664
2024-08-03,0.5559,32594127.00481668,24468,1091876
2024-08-04,0.5229,33827189.65268094,28684,1079038
2024-08-05,0.48846,108455201.8337465,42221,1363220
2024-08-06,0.50596,45179974.79170419,28761,1047821
2024-08-07,0.60041,92075510.7634222,26960,1093117
2024-08-08,0.61639,76441079.98777105,31935,1242038
2024-08-09,0.58055,48483888.91642756,31753,1199633
2024-08-10,0.58391,24057632.85059654,39002,1216186
2024-08-11,0.55254,32759621.91287762,23694,1592725
2024-08-12,0.56869,33545702.09589112,21410,1716425
2024-08-13,0.57687,34510621.36969784,22141,1625536
2024-08-14,0.56865,30363050.06730098,20954,1726260
2024-08-15,0.5607,21700945.89913668,30479,1747992
2024-08-16,0.5638,16895708.96946446,37576,1809263
2024-08-17,0.56625,6402447.12340363,58167,1804869
2024-08-18,0.56301,14173416.89746313,51796,1767392
2024-08-19,0.59826,34445290.68863374,25739,1579950
2024-08-20,0.59372,29220045.80535319,23625,1422552
2024-08-21,0.6001,20967756.22198921,22149,1589321
2024-08-22,0.5974,19581821.25227256,22483,1579913
2024-08-23,0.6108,23553117.87395439,22311,1741162
2024-08-24,0.61276,20435541.2204,34642,1634263
2024-08-25,0.6,14040359.84342408,20379,1684839
2024-08-26,0.58739,20477990.53179715,22839,1725675
2024-08-27,0.56663,26771464.66304392,23200,1931875
2024-08-28,0.56916,22093606.79877909,25156,2004119
2024-08-29,0.56199,14796678.1128438,24003,1975552
2024-08-30,0.5668,15437259.23207028,24827,1806551
2024-08-31,0.56631,6098406.60415805,31979,1627662
2024-09-01,0.54729,13379266.61441601,29480,1747473
2024-09-02,0.56775,14980511.147651,31884,1670894
2024-09-03,0.55697,15404202.20856207,27058,1657491
2024-09-04,0.55797,21513329.71961682,28001,1665528
2024-09-05,0.5445,15590544.47825904,25290,1408224
2024-09-06,0.52106,29265536.1671894,24953,1732355
2024-09-07,0.5249,6485544.62118237,35258,1638510
2024-09-08,0.52944,7444145.9161215,36816,1715550
2024-09-09,0.53952,10794444.88346485,28701,1813747
2024-09-10,0.5408,9971005.5408,22154,1799383
2024-09-11,0.5348,11661044.51514987,21363,1769632
2024-09-12,0.56253,37435347.96422123,22802,1785153
2024-09-13,0.57263,22959775.73426293,26618,1804501
2024-09-14,0.59562,28628725.23253862,23336,1836722
2024-09-15,0.57071,13708531.23990006,23401,1714478
2024-09-16,0.58661,24818612.59041832,22412,1955202
2024-09-17,0.5838,17208705.65084921,22724,1831995
2024-09-18,0.58538,20487495.58931389,24217,1852139
2024-09-19,0.58691,20644468.85334437,23328,1590659
2024-09-20,0.58518,22554890.75475802,23126,1802769
2024-09-21,0.59773,16835844.27304552,35195,1796080
2024-09-22,0.58714,15256356.76244326,30661,1688366
2024-09-23,0.58485,16098216.14010142,30207,1367835
2024-09-24,0.59101,13482883.88980509,23928,1588884
2024-09-25,0.58297,11817986.21567525,23119,1423518
2024-09-26,0.5904,21640334.96061493,23347,1601651
2024-09-27,0.5887,20418011.6365,23828,1448241
2024-09-28,0.614,38825800.45992522,23282,1561032
2024-09-29,0.641,48243424.66670899,31941,1624272
2024-09-30,0.61147,34650318.31658742,28464,1734597
2024-10-01,0.59694,53259846.10003146,27487,1777792
2024-10-02,0.5383,44542651.57853643,28232,1497576
2024-10-03,0.52169,49768425.36238362,28355,1492919
2024-10-04,0.53404,21832810.39062792,24353,1275098
2024-10-05,0.52947,8461738.29942097,25629,1042930
2024-10-06,0.53362,6671929.07013569,35279,1080641
2024-10-07,0.52861,14597568.70617527,30326,1282431
2024-10-08,0.53114,13383925.07679894,28850,1106213
2024-10-09,0.52449,11473861.80983459,26281,1138202
2024-10-10,0.53053,18779186.53968193,33438,1375439
2024-10-11,0.53876,9962965.08273698,27238,1497098
2024-10-12,0.53944,6914512.544682,27865,1217210
2024-10-13,0.53193,6760450.55753522,22782,1450292
2024-10-14,0.54843,14676034.40621902,24270,1585181
2024-10-15,0.54174,20098712.03746456,27475,1557253
2024-10-16,0.5482,14846293.63019437,23967,1512646
2024-10-17,0.54408,21605898.5210688,28616,1690543
2024-10-18,0.54663,16636658.50532625,24680,1658481
2024-10-19,0.54434,9089525.55107203,39466,1848111
2024-10-20,0.54801,10057545.3675,28708,1885879
2024-10-21,0.54492,19864630.75129696,30655,1763283
2024-10-22,0.53377,14398281.58027617,28018,1336173
2024-10-23,0.52576,11190646.72339441,28053,1127081
2024-10-24,0.53214,9898144.53689635,29130,1260754
2024-10-25,0.50231,18410214.99767263,34091,1417658
2024-10-26,0.51346,12351917.8564,31129,1216113
2024-10-27,0.51697,7318265.2124,33333,1634918
2024-10-28,0.51944,9911218.73623694,31670,1631340
2024-10-29,0.52859,13856235.71291308,41413,1478139
2024-10-30,0.52293,16396417.64682588,38813,1485327
2024-10-31,0.50957,13084380.3027,33480,1538805
2024-11-01,0.51306,17360026.90168193,31790,1420199
2024-11-02,0.5104,7666045.6851955,40875,1192214
2024-11-03,0.50307,17022766.02085403,36482,1372622
2024-11-04,0.5036,13631634.49970777,51748,1526933
2024-11-05,0.5141,17916821.26189841,29462,1513160
2024-11-06,0.54198,37528292.11685211,32842,1654793
2024-11-07,0.55562,28239621.64402931,30671,1464850
2024-11-08,0.55369,17892669.75588732,32115,1144804
2024-11-09,0.55921,14762637.28800113,28639,1155703
2024-11-10,0.58842,63330343.83431289,52101,1545943
2024-11-11,0.62088,175228480.92395687,40362,1541368
2024-11-12,0.70385,179952093.6520469,47654,2143443
2024-11-13,0.68989,102946885.95451501,39484,2036546
2024-11-14,0.77366,105453873.76304427,45307,2033715
2024-11-15,0.89213,116884938.09435701,54854,2154047
2024-11-16,1.12055,184610610.64493996,92608,2467742
2024-11-17,1.05395,108260005.3695086,56194,2198153
2024-11-18,1.11427,87231003.35746703,59976,2308168
2024-11-19,1.10055,67473810.9483238,52386,1961339
2024-11-20,1.10407,75167381.39989322,60093,1956810
2024-11-21,1.2471,94320640.7548782,53414,2280079
2024-11-22,1.47279,131626444.89774266,87045,2447628
2024-11-23,1.46833,114359286.50893855,70196,2035738
2024-11-24,1.43284,96317653.01477706,61777,1828447
2024-11-25,1.41421,81906603.85018924,58752,2152268
2024-11-26,1.39866,65811234.201371,60555,2702646
2024-11-27,1.46956,62784955.55545383,52956,2493535
2024-11-28,1.54201,52710069.33378468,50009,2254437
2024-11-29,1.80037,99936684.3025293,70425,2547661
2024-11-30,1.9518,92609208.45390283,89962,3055083
2024-12-01,2.29282,100204644.3212612,108228,3379022
2024-12-02,2.72417,166817565.56057686,173593,4208149
2024-12-03,2.50921,135290706.87788472,153035,3389553
2024-12-04,2.35833,99324632.7335219,128563,2613714
2024-12-05,2.24377,91843049.9632182,103604,2439403
2024-12-06,2.42623,66236138.53846892,84495,1896328
2024-12-07,2.60975,53743456.15910261,74722,2290172
2024-12-08,2.60174,53342108.75308769,78043,1845144
2024-12-09,2.21424,117745230.6246689,74242,2374684
2024-12-10,2.37089,146995174.6511612,73156,2209669
2024-12-11,2.394,71274292.30771606,90376,2288769
2024-12-12,2.33852,123332720.29145198,74691,2361732
2024-12-13,2.42189,123686036.11155319,69143,2360303
2024-12-14,2.40112,118798639.34765036,98317,2527518
2024-12-15,2.44715,104462809.27622332,78972,2471404
2024-12-16,2.48399,80418306.37976477,82495,2459947
2024-12-17,2.56759,75482677.98104095,97500,2618705
2024-12-18,2.31003,102687260.01552324,76710,2533703
2024-12-19,2.23899,113890592.59345238,95682,2229093
2024-12-20,2.27969,105391114.56326395,78359,2491058
2024-12-21,2.23808,63489829.50403083,56865,2155546
2024-12-22,2.20344,66080722.23899174,58636,1963069
2024-12-23,2.26173,49223722.00719049,55359,1866472
2024-12-24,2.32374,28724741.78895301,63623,1628561
2024-12-25,2.29736,21254231.38256545,73359,1762506
2024-12-26,2.15595,31694179.09686923,54788,1714483
2024-12-27,2.14681,33722981.86468041,54465,1790531
2024-12-28,2.1842,21846651.54112301,64940,2003325
2024-12-29,2.0941,23790285.66008714,85813,2159751
2024-12-30,2.05839,42282542.92281623,65007,2188464
2024-12-31,2.08387,31347272.00934854,92375,2234413
2025-01-01,2.332,38102937.08287343,80814,2310530
2025-01-02,2.4029,37434478.93239496,87948,2798563
2025-01-03,2.45447,26369802.31883392,72469,2319067
2025-01-04,2.41991,21313444.62971014,65213,2053902
2025-01-05,2.39927,25135301.09851229,58794,2150165
2025-01-06,2.41995,21060031.0958465,62616,2350913
2025-01-07,2.27129,41941563.45058198,61756,2284683
2025-01-08,2.37321,46858460.36839805,62615,2360719
2025-01-09,2.27247,30964839.17702669,67183,2446818
2025-01-10,2.34157,30880586.55956558,63158,2108156
2025-01-11,2.57648,35464139.33230173,71227,2299048
2025-01-12,2.50441,26503379.58857202,63188,2255673
2025-01-13,2.52371,58199459.67959294,65190,2502312
2025-01-14,2.66801,34959677.99832989,70504,2481433
2025-01-15,3.14194,99781673.35592028,97863,3006645
2025-01-16,3.24503,104279606.3154412,113265,3266607
2025-01-17,3.29258,71220344.86660455,94077,2985571
2025-01-18,3.26982,80049269.19033496,85368,2942064
2025-01-19,2.95695,93368628.04862204,99808,2926303
2025-01-20,3.10632,98765099.28922337,106272,3068469
2025-01-21,3.1741,47879296.64059282,82316,2496868
2025-01-22,3.17999,40311051.6751913,73560,2448283
2025-01-23,3.11879,37187366.84632471,67226,2456833
2025-01-24,3.10085,32196314.34638825,67393,2480883
2025-01-25,3.10812,23065401.97594748,74288,2063454
2025-01-26,3.02231,26939434.58390914,71971,2505085
2025-01-27,3.05479,118074628.43432093,78771,2507834
2025-01-28,3.05799,76637583.95363024,71653,2274419
2025-01-29,3.06857,53616973.0748312,58416,2150514
2025-01-30,3.12667,24820646.39744575,63648,2196057
2025-01-31,3.0361,16083330.50100587,61037,1985889
2025-02-01,2.87811,25752345.4444141,70662,1798423
2025-02-02,2.57869,77985246.9889028,74559,2069640
2025-02-03,2.70024,170316294.30364048,87237,2717506
2025-02-04,2.5272,64805419.48598189,66435,2077756
2025-02-05,2.38105,38664791.27984597,69340,1945156
2025-02-06,2.32515,50491693.19820108,60423,1918518
2025-02-07,2.39632,55942809.12623876,56981,2017251
2025-02-08,2.41898,30113834.55540112,62880,1706394
2025-02-09,2.39286,32359904.45555599,59702,1800262
2025-02-10,2.42362,31459248.22085212,55267,1985348
2025-02-11,2.4132,27603419.95145126,57457,1859325
2025-02-12,2.473,27439639.12293233,53055,1856904
2025-02-13,2.55903,19232843.09989628,52820,1726325
2025-02-14,2.73844,37734981.86200171,59824,1685963
2025-02-15,2.76186,33127794.32243117,51282,1526688
2025-02-16,2.72845,29588743.00497056,49443,1530071
2025-02-17,2.65992,38064466.76222359,47537,1605401
2025-02-18,2.56314,30391691.72350339,50669,1611823
2025-02-19,2.73794,23300014.77486522,51217,1437652
2025-02-20,2.68794,21083773.02281906,52584,1381671
2025-02-21,2.57226,25790887.81724621,92820,1674522
2025-02-22,2.57423,9899187.24046762,97315,1373247
2025-02-23,2.57524,10949351.26207721,83513,1371685
2025-02-24,2.27783,40173764.81721055,89667,1731000
2025-02-25,2.32195,83182230.04930958,91884,2117104
2025-02-26,2.19779,46813946.33287971,78946,1820954
2025-02-27,2.19832,32869899.21849797,48848,1811626
2025-02-28,2.1455,61772019.80843111,62373,2105148
2025-03-01,2.19119,28541662.29299633,245007,1724246
2025-03-02,2.93915,103994257.86327866,549851,2773427
2025-03-03,2.38721,71791100.71731168,456315,2340242
2025-03-04,2.4548,72181445.48600923,459728,2190490
2025-03-05,2.50006,37456879.70842908,327403,1954663
2025-03-06,2.59994,37126175.13054659,331783,1961217
2025-03-07,2.3852,59573993.65238757,520068,2515649
2025-03-08,2.32572,24640986.73021701,315899,1987331
2025-03-09,2.13818,42463993.7774268,360351,2384035
2025-03-10,2.02168,54332828.67687714,204216,2168188
2025-03-11,2.17036,56883633.14175136,125986,2200547
2025-03-12,2.23952,43296560.92898208,125324,1950232
2025-03-13,2.25254,37338563.3355608,440724,2143701
2025-03-14,2.35668,28288189.77304037,465035,2000838
2025-03-15,2.39097,25606858.78955058,297706,2085214
2025-03-16,2.29419,29513205.40007686,87916,2025090
2025-03-17,2.33804,27384793.34557202,491054,2554913
2025-03-18,2.28502,30596257.1697179,60282,2024637
2025-03-19,2.54613,50526616.5738168,620410,2886436
2025-03-20,2.4361,34572740.33818571,66542,1877010
2025-03-21,2.3806,30571190.780823,126115,2161412
2025-03-22,2.37143,15762687.26483213,71146,1834967
2025-03-23,2.43902,14168868.51446099,56223,2001089
2025-03-24,2.4497,22452048.71474417,210093,2095407
2025-03-25,2.4495,19266523.45531493,56528,2024004
2025-03-26,2.34937,21388154.1168143,120205,2060162
2025-03-27,2.34101,17920721.65606217,50785,1764475
2025-03-28,2.20753,31153734.43282172,48769,2017360
2025-03-29,2.13439,35734847.16812538,66959,2101790
2025-03-30,2.13619,24093027.83453563,45073,1990477
2025-03-31,2.08939,37662652.63170404,46457,1998173
2025-04-01,2.13855,35626148.72509932,45470,2113997
2025-04-02,2.02373,51386523.13580186,45317,2214507
2025-04-03,2.06476,40592694.18065274,49285,2118304
2025-04-04,2.12996,46485752.81998264,43627,2104653
2025-04-05,2.14407,20784633.64112061,53194,2053800
2025-04-06,1.92191,51319035.60663006,48373,2290788
2025-04-07,1.89897,139376175.76308367,63116,2335971
2025-04-08,1.79633,78496000.9087899,49800,1948658
2025-04-09,2.05347,63081692.81816685,51142,1914741
2025-04-10,1.96588,33643806.14122797,44917,1989190
2025-04-11,2.02279,34486164.00629698,42203,1739281
2025-04-12,2.15982,31237857.85739849,40744,1963989
2025-04-13,2.1202,39778466.16369718,40854,1858525
2025-04-14,2.12748,28534066.87177105,45425,1872312
2025-04-15,2.08442,26913360.42755075,45516,1867279
2025-04-16,2.08324,34227477.88701446,41015,1714801
2025-04-17,2.06749,23769982.49328988,41415,1713154
2025-04-18,2.06152,15749575.87185013,39599,1674997
2025-04-19,2.08785,13378286.61632439,35992,1677621
2025-04-20,2.0787,13539240.60069042,56309,1613300
2025-04-21,2.08534,23623845.50342316,39087,1838634
2025-04-22,2.21376,36629226.7787536,47283,1755056
2025-04-23,2.21827,39685938.54981209,70339,1990220
2025-04-24,2.2047,32075507.11098384,48352,2096516
2025-04-25,2.18107,24945664.34328231,41894,2169854
2025-04-26,2.19121,17976726.89122962,38612,1458486
2025-04-27,2.25202,30827812.97569909,42682,1484332
2025-04-28,2.29491,32795924.0822934,45460,1734180
2025-04-29,2.23821,18266366.72345473,43718,1812867
2025-04-30,2.19059,23176947.22145859,45373,1911787
2025-05-01,2.2126,15600455.72189347,42437,1767246
2025-05-02,2.20882,12600501.32084123,40799,1744767
2025-05-03,2.1873,8614041.52201195,56217,1468485
2025-05-04,2.15604,9776172.54070417,44835,1297694
2025-05-05,2.13063,17623971.58531779,49157,1286850
2025-05-06,2.15437,17002030.96177645,41274,1365579
2025-05-07,2.12686,16409494.39426012,48193,1390100
2025-05-08,2.32725,37627171.60316029,46350,1873174
2025-05-09,2.34366,40730417.05746791,47735,2196052
2025-05-10,2.47063,30790991.05037863,43162,2188877
2025-05-11,2.36671,31539600.89308268,37962,1650962
2025-05-12,2.54373,69555490.95498794,51632,1958715
2025-05-13,2.58235,48739624.08048459,45028,1820361
2025-05-14,2.55077,37770958.91646604,56529,1666089
2025-05-15,2.38554,44042267.80415796,58620,1790238
2025-05-16,2.37972,33171542.0987092,46259,1572323
2025-05-17,2.35292,28297776.0548986,51452,1561701
2025-05-18,2.42731,29413608.97006219,40993,1449755
2025-05-19,2.38029,35516120.13571098,42471,1494653
2025-05-20,2.35621,26033373.5591,39226,1493204
2025-05-21,2.39508,31086144.36332163,59085,1506360
2025-05-22,2.43098,27446987.87026962,48374,1671973
2025-05-23,2.29536,28435379.72102275,43838,1704743
2025-05-24,2.33024,9974479.89746494,39353,1510070
2025-05-25,2.34228,18696423.51491227,35885,1488347
2025-05-26,2.31025,16448566.71444621,41803,1446252
2025-05-27,2.31668,19323152.60537349,42445,1439874
2025-05-28,2.27438,16551460.4366,46818,1657101
2025-05-29,2.24428,21720150.662265,45501,1543146
2025-05-30,2.13991,38004992.68497283,47192,1642753
2025-05-31,2.17355,26745333.95152767,54140,1555716
2025-06-01,2.17924,20621778.57156459,46270,1690513
2025-06-02,2.19713,22646383.02096984,45008,1595083
2025-06-03,2.244,23419137.22198129,47793,1354075
2025-06-04,2.20087,18629097.59364159,49975,1255678
2025-06-05,2.09376,36099549.61776161,44121,1430374
2025-06-06,2.15956,20727301.59559458,40645,1368554
2025-06-07,2.17667,12895579.20085932,118348,1228479
2025-06-08,2.26689,24731127.9147499,39265,1226438
2025-06-09,2.32106,23058947.55247437,552005,1890781
2025-06-10,2.3074,26764858.04160834,250990,1618561
2025-06-11,2.2708,28257799.74111476,118163,1809421
2025-06-12,2.18997,29054798.26754172,44714,1609978
2025-06-13,2.1475,56793125.31522036,263033,1771349
2025-06-14,2.13915,22439633.06912118,584278,2048244
2025-06-15,2.16574,15766402.92364039,278235,1913082
2025-06-16,2.23777,35170347.67630636,45452,2090484
2025-06-17,2.15859,32569447.26837144,116146,1971086
2025-06-18,2.17095,24977988.62694573,44008,2090559
2025-06-19,2.16494,15898090.71560657,43315,2001500
2025-06-20,2.11934,20699723.04688195,113722,2055664
2025-06-21,2.0633,22492201.78591097,42936,2351258
2025-06-22,2.01789,41369258.91106981,461759,2839505
2025-06-23,2.15915,34706037.03751391,243556,2205859
2025-06-24,2.18885,26218152.17140598,42855,2028775
2025-06-25,2.18555,19051724.74713702,189386,2164310
2025-06-26,2.10542,20894273.47682709,42950,1928734
2025-06-27,2.14116,20981573.46013225,45291,2081762
2025-06-28,2.18512,15025644.27122569,54571,1803007
2025-06-29,2.20689,10635986.38718018,43359,1792251
2025-06-30,2.23689,26528446.12913027,51133,1949913
2025-07-01,2.17195,18974916.48322233,49446,1845686
2025-07-02,2.2333,23090043.99916711,49302,1918693
2025-07-03,2.25664,18560528.16134316,50021,1842002
2025-07-04,2.22047,17414982.23708077,45657,1819991
2025-07-05,2.21778,8195320.33603595,41946,1799508
2025-07-06,2.27114,18656982.91719839,49656,1658415
2025-07-07,2.2707,50569423.72687066,52825,1799535
2025-07-08,2.31087,43540547.26883942,44438,1585131
2025-07-09,2.40391,49059957.26628248,56242,1762235
2025-07-10,2.54696,51705087.01938721,61153,1816776
2025-07-11,2.73273,107229296.0416623,69139,2246395
2025-07-12,2.73928,67844885.4368378,67014,1976767
2025-07-13,2.83652,61783508.84113787,62763,2025606
2025-07-14,2.95818,88445039.4199234,69129,2453156
2025-07-15,2.91951,65766750.55131892,61162,2330482
2025-07-16,3.03739,61732293.29634758,63431,2370137
2025-07-17,3.48117,101157716.0992842,86606,2725224
2025-07-18,3.41336,58259751.48253913,92959,2803239
2025-07-19,3.42397,28912907.28670354,59133,2217719
2025-07-20,3.45298,35213111.67836656,62404,2233167
2025-07-21,3.54947,46079744.50884389,78486,2574428
2025-07-22,3.55041,44245246.28880048,62168,2483870
2025-07-23,3.18352,54092478.04952247,63842,2742324
2025-07-24,3.14529,52276187.87946036,57534,2838358
2025-07-25,3.14208,32022094.54062166,55416,2710270
2025-07-26,3.16571,17427010.12956078,60381,2293982
2025-07-27,3.23932,21974848.43943097,53219,2202414
2025-07-28,3.12314,33884327.22997411,50369,2362038
2025-07-29,3.12815,28319438.61191998,59356,2230026
2025-07-30,3.09627,36551224.28798842,56667,2520828
2025-07-31,3.02227,27237204.03873083,55249,2226510
2025-08-01,2.96128,49393134.22612056,65293,2603991
2025-08-02,2.7696,39890825.09253961,51913,2498866
2025-08-03,2.94838,28196789.25965519,58290,2146304
2025-08-04,3.07208,32358777.90866907,51249,2253306
2025-08-05,2.96238,23517670.08085399,48462,2146421
2025-08-06,2.99081,21814618.77282234,61189,2122155
2025-08-07,3.31936,26126805.60081656,87749,2102019
2025-08-08,3.28568,35662655.28232489,93400,2121482
2025-08-09,3.22608,22673119.90603346,63222,1904398
2025-08-10,3.18644,24866440.84838918,54445,1901395
2025-08-11,3.12964,40381057.33204482,52253,2046520
2025-08-12,3.26755,32176188.97550196,54026,1757770
2025-08-13,3.27453,29492248.07029668,52385,1727753
2025-08-14,3.07972,45396883.26887988,53051,1803519
2025-08-15,3.07769,24530215.90155976,50012,1801939
2025-08-16,3.10553,11647913.2573931,44280,1652304
2025-08-17,3.08768,14190266.10341173,43921,1607975
2025-08-18,3.06104,29281386.01751962,49592,1962186
2025-08-19,2.86036,26671087.32083086,50227,1867100
2025-08-20,2.95073,24677452.18216264,53888,1939265
2025-08-21,2.85195,16754364.98704124,52454,1847395
2025-08-22,3.07452,36838079.69804519,53858,1888155
2025-08-23,3.04852,21929582.98779084,54739,1633784
2025-08-24,3.02579,28583572.49549647,46410,1630972
2025-08-25,2.85855,27882962.52299297,48546,1821829
2025-08-26,3.01221,24262837.28058665,50060,1672459
2025-08-27,2.96888,20320842.35906283,50294,1723558
2025-08-28,2.96652,16826959.65502391,50428,1668176
2025-08-29,2.81926,28876104.62903042,52463,1848585
2025-08-30,2.81855,13103722.36830763,44695,1627717
2025-08-31,2.77625,12825116.94913739,43519,1641323
2025-09-01,2.7584,37323849.19153178,52735,1770983
2025-09-02,2.86201,26790534.43196171,47510,1728778
2025-09-03,2.84429,19895710.35051949,46883,1578017
2025-09-04,2.79472,18573296.3367462,43796,1573625
2025-09-05,2.81422,27217603.31714384,45896,1869117
2025-09-06,2.80959,10077215.80599282,53349,1626048
2025-09-07,2.87742,15357799.06299675,43914,1494949
2025-09-08,2.96963,24790959.25897995,47765,1745252
2025-09-09,2.94713,28462115.08332996,47883,1598282
2025-09-10,2.9834,20880831.69879954,50971,1784207
2025-09-11,3.03994,23272749.44975512,45018,1624513
2025-09-12,3.10548,23678933.5559348,47188,1894821
2025-09-13,3.11964,21563123.41073748,45597,1726571
2025-09-14,3.02779,18844351.18308428,44409,1684548
2025-09-15,2.99651,22519530.48574636,45856,1742327
2025-09-16,3.03678,18735762.46523809,48699,1648566
2025-09-17,3.08388,22229597.63995691,50553,1498067
2025-09-18,3.07357,17581566.49788323,47351,1686110
2025-09-19,2.99024,14493265.07038051,46953,1675911
2025-09-20,2.97554,6527793.30222908,52968,1634673
2025-09-21,2.97037,7436880.84576452,47586,1726620
2025-09-22,2.85248,36426519.39825791,54119,2069859
2025-09-23,2.82497,20403381.14365444,47484,1855410
2025-09-24,2.92563,20225553.86452083,48970,1824789
2025-09-25,2.74329,37801254.31008807,54491,1861668
2025-09-26,2.783,33692990.64799873,58156,1803195
2025-09-27,2.80441,13611348.24916389,46702,1630165
2025-09-28,2.86703,17146346.66079064,43906,1854350
2025-09-29,2.88025,19708901.78980611,47662,1859300
2025-09-30,2.84651,18266391.28544582,46611,1783532
2025-10-01,2.9478,22462726.44800253,49976,1868295
2025-10-02,3.03819,32546309.31280018,55717,1965173
2025-10-03,3.03985,26534112.07019812,54255,1900127
2025-10-04,2.96873,20317112.02328279,59081,1922463
2025-10-05,2.9685,22736947.3706802,49314,1931055
2025-10-06,2.98773,23059759.55557163,49245,1779353
2025-10-07,2.85187,26050960.28597996,48653,1750553
2025-10-08,2.87983,18485205.79259152,48726,1630720
2025-10-09,2.80226,24683533.08420318,49938,1662870
2025-10-10,2.36934,94120416.86826053,61985,2111056
2025-10-11,2.38214,86770895.54820763,59118,2230384
2025-10-12,2.5284,44368243.56602738,53121,1941616
2025-10-13,2.60511,41337823.30822073,50691,1874084
2025-10-14,2.50355,43371301.20627307,48636,1755275
2025-10-15,2.41064,32385571.33087461,48823,1757723
2025-10-16,2.32821,40228026.40399306,53319,1929603
2025-10-17,2.29347,46260501.50595089,56179,2012197
2025-10-18,2.35974,16774943.74973553,45264,1706843
2025-10-19,2.39081,21402151.95985537,55715,1755697
2025-10-20,2.49519,28685195.98120478,49316,1758052
2025-10-21,2.42212,34852850.52513055,49178,1798978
2025-10-22,2.36455,31023736.41136841,44175,1717156
2025-10-23,2.39468,20157762.92775088,48293,1856342
2025-10-24,2.51001,22121853.92673072,46981,2186436
2025-10-25,2.59555,22739099.54075997,48585,1990476
2025-10-26,2.6463,23505540.10209754,58030,2053430
2025-10-27,2.63412,31668339.64031228,52412,2114051
2025-10-28,2.60346,32225072.7247508,48076,1983064
2025-10-29,2.55031,32568307.1563875,46325,1826465
2025-10-30,2.43937,48879448.95301286,61137,2020573
2025-10-31,2.50943,29531495.14410017,48696,2008937
2025-11-01,2.50537,12507940.00246593,54213,1614589
2025-11-02,2.52709,15314726.25934468,53866,1909542
2025-11-03,2.30965,42343350.9120174,60697,2251113
2025-11-04,2.20549,63975924.93659775,58454,2369964
2025-11-05,2.34287,46922289.97718471,51201,2210064
2025-11-06,2.21314,43767607.63358874,48763,2064046
2025-11-07,2.31541,43978164.58036723,50435,2202928
2025-11-08,2.2867,28606491.70192075,44011,1856835
2025-11-09,2.36707,23014801.23116869,43130,1894774
2025-11-10,2.52606,26175354.2371835,57893,2217285
2025-11-11,2.39173,39347440.90800088,60527,2126341
2025-11-12,2.38815,35102848.51234908,52105,1958428
2025-11-13,2.32258,44366978.01285392,51113,2258822
2025-11-14,2.24395,51435593.30405231,50878,2319530
2025-11-15,2.23715,24259502.67449547,56670,2224263
2025-11-16,2.21486,32058334.20662684,53616,2331606
2025-11-17,2.16346,44271444.84301034,49217,2088464
2025-11-18,2.21719,45540497.13657588,51007,1776749
2025-11-19,2.10973,43368839.53480441,54527,1851468
2025-11-20,2.0,42298173.62261399,56711,1894144
2025-11-21,1.95079,65473157.51534868,66194,2161548
2025-11-22,1.95085,33270097.83622009,50517,1677934
2025-11-23,2.04926,35896675.50970192,50994,1824790
2025-11-24,2.22776,49502906.16860026,49247,2061236
2025-11-25,2.2018,38283254.02715456,45388,1884376
2025-11-26,2.22328,27588689.92735829,44681,1895579
2025-11-27,2.20008,21825630.01749045,42899,1870342
2025-11-28,2.17972,29556203.93467827,43770,2018668
2025-11-29,2.20078,17916543.60761762,53091,2094341
2025-11-30,2.15494,16428482.72273097,47236,1977283
2025-12-01,2.02998,44980990.53381019,52274,2107361
2025-12-02,2.15282,36036473.82296262,47894,2018789
2025-12-03,2.1973,32203002.1140141,44035,2196430
2025-12-04,2.0963,31141323.69970603,48371,1908200
2025-12-05,2.03461,32484910.5352469,44042,2013375
2025-12-06,2.03078,18928754.14053152,39089,1819409
2025-12-07,2.04401,32199239.24645149,41772,1906746
2025-12-08,2.0723,25987260.50213628,43358,1980168
2025-12-09,2.1064,31860054.12974704,42073,2174673
2025-12-10,2.04184,36444583.45267839,43024,1970422
2025-12-11,2.03405,30269085.03510936,44974,2146409
2025-12-12,2.00737,23815940.3555153,45435,1994581
2025-12-13,2.02248,13262133.30175024,52449,1838712
2025-12-14,1.97838,16744606.13641683,43827,1699235
2025-12-15,1.89827,24879483.41944292,46370,2009408
2025-12-16,1.92953,32078845.83012966,44111,1982603
2025-12-17,1.8626,30425665.35325802,44057,1722805
2025-12-18,1.80752,35474909.79747131,45224,1731872
2025-12-19,1.90918,31952195.0497788,47621,1919132
2025-12-20,1.93345,16007439.26172679,41070,1571138
2025-12-21,1.92199,16158382.563,40219,1499073
2025-12-22,1.90418,22082612.29682277,46618,1788076
2025-12-23,1.87333,14577278.58632737,48241,1790378
2025-12-24,1.86279,12895527.13649451,48860,1674629
2025-12-25,1.83244,11886976.8622,43371,1590457
2025-12-26,1.84377,18348585.31976824,41378,1539823
2025-12-27,1.87367,7370148.84428878,40583,1830702
2025-12-28,1.86527,9086004.4868533,40169,1674663
2025-12-29,1.85092,18867044.2976561,43792,1852929
2025-12-30,1.87779,13932573.96324072,60169,2077558
2025-12-31,1.84229,15093800.40096894,51038,2116802
2026-01-01,1.87962,10044709.45830969,45603,1809252
2026-01-02,2.0068,21954571.0236642,53154,2054398
2026-01-03,2.01867,14038008.1212251,46584,2034797
2026-01-04,2.09181,21607934.54922207,44990,1907916
2026-01-05,2.3477,32829722.24755148,61499,2248006
2026-01-06,2.30442,35910815.73545119,56633,2419645
2026-01-07,2.16519,24265851.78165702,41547,2117624
2026-01-08,2.12319,26623899.90419602,39742,2109460
2026-01-09,2.09619,18631735.05244352,39722,1966211
2026-01-10,2.09048,6532266.39106147,47160,1935014
2026-01-11,2.07452,10673756.92980793,50587,2225009
2026-01-12,2.05487,19850682.47208999,47665,2541876
2026-01-13,2.16567,25082110.43471127,45126,2623768
2026-01-14,2.1392,24184943.0258982,46312,2679734
2026-01-15,2.07895,19062741.71649547,47071,2446509
2026-01-16,2.06778,14742094.78709706,46649,2465109
2026-01-17,2.06341,9192191.1492,40983,2335391
2026-01-18,1.9912,12183960.93028323,40234,2417622
2026-01-19,1.98601,23421370.95399276,45471,2584687
2026-01-20,1.88992,22456240.65282003,46414,2674239
2026-01-21,1.94768,25988799.62984296,47777,2448498
2026-01-22,1.92359,15994787.2578,50382,2391660
2026-01-23,1.92067,15758791.93159919,48664,2457012
2026-01-24,1.91439,5912615.6931,49846,2310844
2026-01-25,1.83552,18011550.970511373,57419,2630931
2026-01-26,1.90421,18451246.94317988,53097,2624007
2026-01-27,1.91567,13309237.8516328,46015,2282021
2026-01-28,1.9112,15353081.11694872,48467,2293734
2026-01-29,1.80818,20987571.99296035,52222,2673288
2026-01-30,1.73537,28933772.32076238,56732,2743551
2026-01-31,1.64713,42419101.09639972,62187,3124770
2026-02-01,1.59043,28249545.58749114,54160,2927877
2026-02-02,1.6198,33632921.7897839,56539,3069449
2026-02-03,1.57907,26253868.77739052,51885,3024349
2026-02-04,1.5119,33792216.95583369,52219,3111323
2026-02-05,1.21455,87792645.44067742,77944,3753531
2026-02-06,1.47004,104620854.32240276,67703,3468633
2026-02-07,1.4228,58589755.90461477,52540,3016973
2026-02-08,1.43118,30382344.76801483,47451,2765060
2026-02-09,1.43716,40397267.87090564,52480,2606040
2026-02-10,1.39989,30946342.77919241,62090,2374501
2026-02-11,1.37005,49454202.84975851,50671,2414071
2026-02-12,1.36329,36305829.35777284,51935,2302828
2026-02-13,1.40709,24479697.56514724,50749,2300963
2026-02-14,1.50926,31141591.80724431,48569,2225003
2026-02-15,1.47544,61955865.31997031,52883,2579692
2026-02-16,1.48805,35733301.83640923,51560,2272077
2026-02-17,1.47396,30157937.93410476,44731,2734739
2026-02-18,1.42207,25206812.48523838,55855,2509814
2026-02-19,1.40667,27601132.59517509,55580,2955683
2026-02-20,1.42909,33115952.6439,56375,2996452
2026-02-21,1.43054,21453696.703213375,50636,2820720
2026-02-22,1.39299,21461292.2461,51130,2522079
2026-02-23,1.3522,42601326.33702187,53837,2867352
2026-02-24,1.34779,42949340.82538829,49464,2730399
2026-02-25,1.43365,52307955.47408929,51301,3106105
2026-02-26,1.40265,44186934.67875992,47452,2989638
2026-02-27,1.35607,36304298.21519291,57126,2938239
2026-02-28,1.37631,44051308.86319722,55108,2726056
2026-03-01,1.35233,45397767.80259403,55740,2673272
2026-03-02,1.39032,43625103.34290757,58557,2262645
2026-03-03,1.36058,42216661.264708,59421,2394471
2026-03-04,1.431,61554303.30432092,52062,2181081
2026-03-05,1.4038,38118495.6483088,53449,2557776
2026-03-06,1.36339,44437079.8694238,57623,2391060
2026-03-07,1.35686,18181370.68505504,53930,1868008
2026-03-08,1.34043,22013643.485274684,48015,1997920
2026-03-09,1.36309,49056835.899445,44343,2383458
2026-03-10,1.38647,57123302.78010473,46466,2130089
2026-03-11,1.3845,46338671.50999202,44392,2296340
2026-03-12,1.385,33201265.2146449,45782,2079027
2026-03-13,1.39891,48926081.33805602,47103,2483502
2026-03-14,1.40602,12270341.57159715,41503,2664095
2026-03-15,1.44893,25206088.62638136,42939,2926136
2026-03-16,1.54291,59828513.47562119,47997,3597639
2026-03-17,1.51789,59589402.10802148,48933,3473009
2026-03-18,1.46489,47183855.83253756,62430,3125504
2026-03-19,1.44751,40715320.41725825,54519,4013708
2026-03-20,1.4451,27447364.05840915,52891,3907594
2026-03-21,1.40871,11948376.87617762,42929,4046661
2026-03-22,1.38483,25464936.65454325,43738,4509221
2026-03-23,1.43201,66630367.92799726,45157,4233721
2026-03-24,1.41578,28654754.98233916,43148,3301149
2026-03-25,1.41448,17628635.20493409,39472,2816047
2026-03-26,1.36073,34172932.98210941,47932,3200539
2026-03-27,1.32563,23906425.90703901,46524,2510536
2026-03-28,1.3336,7574671.43041577,41405,2204295
2026-03-29,1.3274,12219372.14891314,37184,2066003
2026-03-30,1.32383,17602770.388315655,54795,2095539
2026-03-31,1.34162,30439000.98161611,60996,1958025
2026-04-01,1.34771,26904748.97835644,46511,2872151
2026-04-02,1.31986,44277162.58977051,44965,4959808
2026-04-03,1.31846,9697105.1903,46069,4311964
2026-04-04,1.3152,9251737.02186573,35990,3070311
2026-04-05,1.32606,21582573.71346066,29419,3358336
2026-04-06,1.32062,32005573.10150926,34753,4074522
2026-04-07,1.37889,43389835.22035681,31644,5103071
2026-04-08,1.34285,34685094.912336096,32721,5570561
2026-04-09,1.3433,27559913.13941094,33917,3208489
2026-04-10,1.35585,23721875.69082427,34928,2671105
2026-04-11,1.35445,15682985.3553574,31898,2046761
2026-04-12,1.32456,21883615.7609,31977,1976795
2026-04-13,1.37552,40603661.65623747,33857,2073491
2026-04-14,1.36181,43282012.47162392,34763,2303245
2026-04-15,1.39203,58487838.24974089,35407,2065353
2026-04-16,1.45298,64747784.71542939,38703,2487197
2026-04-17,1.4756,76215374.27461907,39685,2469146
2026-04-18,1.4322,56971730.05610465,32653,2349948
2026-04-19,1.39401,63280305.95530226,40012,2612786
2026-04-20,1.42447,62615491.17083475,41579,2907637
2026-04-21,1.43369,74186815.67685583,48946,2813830
2026-04-22,1.42931,57445130.749544896,44991,3147083
2026-04-23,1.43853,82843935.32423647,45934,2965266
2026-04-24,1.43319,46372300.51730788,44562,2879956
2026-04-25,1.42373,15030251.38172781,50222,2249933
2026-04-26,1.43074,32309685.47758765,50259,2053994
2026-04-27,1.40063,32527393.5866,50448,2298930
2026-04-28,1.38062,37161050.06965858,43992,2974649
2026-04-29,1.36919,54131340.7481373,56444,3400214
2026-04-30,1.3679,38674434.2168,58492,2829165
2026-05-01,1.38556,35843004.65640183,53451,2864917
2026-05-02,1.39367,27084732.7611,39773,2587304
2026-05-03,1.38803,37222979.55709311,40902,3091804
2026-05-04,1.39191,73531591.72590196,45852,3234136
2026-05-05,1.41271,36880047.89926902,42352,2794144
2026-05-06,1.42497,52398200.59867933,47352,3042513
2026-05-07,1.38722,40312422.05677343,48223,2779525
2026-05-08,1.41809,31505435.73995542,45164,2836806
2026-05-09,1.42054,20034547.96459779,40230,2648163
2026-05-10,1.47347,90651368.82077585,42706,2690787
2026-05-11,1.4776,77869432.07929768,45303,2832408
2026-05-12,1.43716,47059478.65470634,43010,2601024
2026-05-13,1.4273,40772925.69716843,43745,2556924
2026-05-14,1.48527,55743812.63763031,52443,2830589
2026-05-15,1.43415,22719267.736405943,53708,2448318
2026-05-16,1.4138,5432251.2054898,43887,2223913
2026-05-17,1.40158,5375926.628684363,36908,2022869
2026-05-18,1.39018,30127309.89658958,41296,1861541
